1,1064980,11.97849553604543,21.929033427478107,15
1,1097748,0.27096296197493724,2.3714299593480495,97
1,1081371,98.06367854068523,70.79416571916629,50
1,1036292,69.37015653908071,7.564999484402588,21
1,1003521,73.0904380217763,74.247495496022,17
1,1081347,4.027641587832984,0.2880407077247479,97
1,1044506,19.301311206913724,29.039601319164266,47
1,1003545,94.1796176773582,2.6074712329680514,41
1,1077255,80.07382588963719,22.276381509461878,35
1,1060873,42.9963047792831,50.393203421251854,63
1,1032213,0.7464232956809475,1.5550714365522753,97
1,1007636,71.63678660669247,97.01789850712673,100
1,1032211,30.442153709052768,23.26838461409556,74
1,1028112,77.07471876053829,18.37266547608376,87
1,1007662,74.8379857413713,93.36289983160513,50
1,1040430,36.44712010883482,0.8679348963072653,74
1,1040425,42.603011977050684,92.84767561587147,7
1,1073207,20.273589117209244,29.09506178632829,68
1,1060919,46.35981006201078,48.580731627842844,63
1,1011751,42.47007330037542,79.08524513564069,93
1,1081404,90.616389226834,7.097824179398293,87
1,1089598,88.75617255862956,44.71192117706531,19
1,1060927,42.99868174233127,1.6677052546592686,74
1,1089568,16.71458873726459,66.88152441038146,18
1,1093664,60.50788592126941,55.58125456101569,65
1,1044537,14.733205715116505,43.12830754306686,68
1,1024055,14.22035804074665,32.55855623621807,47
1,1036336,6.035890156569973,37.79367409864381,68
1,1024077,90.08101964410658,69.29171610427686,34
1,1024071,73.114962473531,64.98742890582064,20
1,1044547,2.7218509986564055,74.96869327296346,18
1,1081412,0.4270776988131737,0.10877774889864453,47
1,1024085,59.53745399751696,46.58773584820002,37
1,1081418,28.038289061961674,85.73093630139023,7
1,1011793,64.82926691238485,34.23762553794577,71
1,1069135,0.267958920706457,32.70605624796949,97
1,1011820,3.0780221954016875,1.6315734616417314,30
1,1003627,54.91038678950496,51.86206812790154,71
1,1081462,1.3998388108550808,92.55485318124728,54
1,1020007,25.21441654460881,98.83087804488264,51
1,1060984,60.02345337018923,36.487647036927086,59
1,1011814,59.33801231091838,58.154564153556045,65
1,1036385,0.4743910374251599,2.4764549125160453,47
1,1052768,87.69255873814889,38.89046860619243,58
1,1011836,56.46646302509042,70.25391211719592,48
1,1065059,2.8528510648105225,2.122705422149753,68
1,1015931,81.76311735958626,94.42281145674511,85
1,1056871,29.0700510397256,42.35066889500298,40
1,1052778,97.60862608970474,48.90384946049281,57
1,1044593,92.83893176720865,24.08343117034166,23
1,1048721,15.707346087039564,24.775979737703246,76
1,1065105,1.0773976500096345,0.5772597531195667,47
1,1020045,65.00995883493864,32.179248956601434,59
1,1073302,57.188937576307495,85.24345275384495,48
1,1097878,46.25653383383385,55.097901403740224,63
1,1089690,26.973738408213055,98.06886715433994,7
1,1093791,8.537612044301046,77.13585313405946,45
1,1024159,68.74610526133789,15.070064782735104,80
1,1007775,53.0701095247148,81.64096337207911,86
1,1097860,48.858719914756776,71.55119196585376,93
1,1024155,44.35019451996838,6.398681459515691,99
1,1073288,90.05457689816218,94.04244042918283,5
1,1020052,18.10221420795822,88.08746244151367,54
1,1081484,56.474423040755376,74.46405240722737,20
1,1003664,84.88366477074284,30.822665850672536,57
1,1081487,92.8516974482447,22.758929196878256,43
1,1069232,11.869071496350635,50.79868422600834,6
1,1089712,47.49378071461601,19.738678296828706,61
1,1020079,1.3645514117773332,0.29749371190045243,46
1,1032364,31.441326326112208,68.33489984629348,51
1,1028262,31.425433348828307,36.793125998050435,24
1,1015972,35.45580071266794,92.38072780976108,64
1,1065147,0.854788958207553,1.5279920133145668,70
1,1048763,46.537199954415726,90.65783257009372,64
1,1020067,12.517399531150044,40.52613444651169,15
1,1097893,36.03236565475262,37.17046578519381,40
1,1040569,91.52914708633914,16.69062845443381,12
1,1011895,27.47778031436887,76.15444290513092,86
1,1040566,6.15352188956374,20.058970293861854,97
1,1065130,32.9113805549156,74.67366002360986,86
1,1020084,98.71296326420232,71.94700044244378,98
1,1024179,7.714543510614192,53.98773172998668,45
1,1007823,0.05859448390151072,0.7914114701384173,46
1,1020107,36.38620854211421,38.40450530615529,24
1,1028297,25.38574150977442,47.404853943524614,40
1,1052886,46.144888952326966,73.03152666633908,93
1,1016008,23.81995726469002,56.93894236106887,40
1,1093848,8.549801912401877,44.60433667345362,30
1,1011910,63.82635683725295,48.322018038178804,44
1,1044677,20.65624847348333,80.22454833853085,54
1,1069276,46.84044964437884,4.948552520027006,13
1,1032386,82.92290564754724,64.89096698683063,20
1,1024192,65.86185470516824,53.43251751644952,73
1,1052869,31.305618958616222,40.915046444848265,6
1,1089733,56.139881175564774,65.82653359093094,48
1,1016025,0.9773491369629128,92.24082979360601,18
1,1036505,6.124299917031628,76.33943917070435,78
1,1016024,94.35497931349923,12.51412422220335,83
1,1020114,71.14308214405169,37.00955022207404,55
1,1028306,25.848196715973344,33.353886695879915,46
1,1073397,89.30918897579245,65.78042416439621,48
1,1057013,61.6593054554611,31.89832476283226,16
1,1032420,30.952097727000062,92.25073006795206,51
1,1020131,10.368608670642843,21.954057950596905,77
1,1011936,52.04402410578126,80.82360696324764,7
1,1069281,28.854229492324613,32.940037225231976,24
1,1036539,89.0932975588183,23.88958978549368,19
1,1020151,55.91523853161988,13.629549407974137,81
1,1089771,45.2789251907719,94.1720895130969,86
1,1044723,49.35613816254346,53.03307178876497,6
1,1044722,0.8232619454861454,0.5317460994722225,97
1,1016048,19.779652125106907,11.779896667107636,74
1,1061136,41.81542246420983,63.2161338946381,11
1,1020174,1.6437015926373495,1.4080900522520383,47
1,1065238,32.04827107998057,34.4246637099052,40
1,1040647,46.81301947099684,27.75681753481417,38
1,1098008,90.64048683718502,11.129511005319493,87
1,1048857,71.32353994500438,56.872075039410355,73
1,1061146,87.9553778579212,56.033013083395666,60
1,1028356,17.09052063167108,79.42524936436217,78
1,1089822,31.484570355396,61.21190740358846,24
1,1028353,15.079596262844625,84.49545129036258,45
1,1028382,0.5706925975871263,0.9693090251842326,46
1,1093890,33.648291357539485,38.18012078408495,24
1,1032476,29.946890959006627,56.37710106982102,88
1,1040662,0.5359696949909657,0.039585613673107055,70
1,1044757,3.474291417374355,0.10006321182878922,47
1,1020178,0.41246200917986525,0.1669403397366455,97
1,1081651,58.83006721704306,16.914220733203035,81
1,1093950,2.8726044997199964,1.078289385393862,97
1,1003838,15.05853522805149,22.420243342072816,47
1,1020221,16.51593700899382,90.48404482733234,54
1,1052962,92.69090259312927,23.1723050504967,23
1,1069347,26.050303412704856,64.4001591682452,45
1,1061165,72.56132098956354,0.031937790560987445,52
1,1028401,54.633819897937904,95.14456726164343,86
1,1081646,2.8162383431709515,33.75189009388745,46
1,1036592,21.743547226460947,66.90177448356944,45
1,1069392,54.285484516438274,91.6350351851643,7
1,1069393,40.30037818227882,74.67188832865382,39
1,1028428,82.40600710242313,29.74924905366546,57
1,1065300,86.77928162782563,29.616087085140265,26
1,1007945,54.89641087873128,20.09001503507408,96
1,1069398,51.97421798375237,6.877713359469403,35
1,1036613,54.578603046069375,49.63218119630771,44
1,1024324,49.012755401427086,15.058164655599315,74
1,1036611,1.3279235908272,0.01459320385250607,97
1,1093982,12.066906582795522,88.23968112983486,18
1,1077599,13.079636981677073,23.091376070579027,47
1,1040704,21.743326702419495,98.85515266236422,39
1,1057119,85.45080431577638,26.423880897023377,26
1,1020255,36.517648705309405,16.36670880313481,29
1,1003870,12.873393628907028,23.372595087491597,30
1,1052993,38.39307326661253,67.49732637465925,39
1,1036637,18.97967193736938,73.08031059934552,18
1,1048899,65.0709487593226,98.7479107792749,65
1,1065283,0.15204138759540836,2.727488684811866,97
1,1007963,33.0879928436412,58.04995858166845,24
1,1040731,90.40863946924988,99.74994565393972,85
1,1081669,32.590006983610195,68.93011835334832,39
1,1044825,64.62494219735039,29.755624252453295,37
1,1098054,1.0467623264488255,1.9893147744048494,68
1,1093960,8.992924488344583,67.02831452532953,1
1,1073482,2.6885251976737545,85.85273791447148,1
1,1007957,20.531290508947,70.97610222506592,18
1,1020245,25.704772068033854,87.60083005981082,7
1,1028434,72.86265130871506,62.681993671605326,62
1,1077581,53.23377269160656,61.06286162017424,73
1,1036654,93.9509666324576,38.07672217226814,69
1,1089907,16.258177343107214,80.56772725267274,45
1,1036652,47.42139533811378,58.098279135002954,6
1,1012075,31.010178659147513,43.9344194571317,24
1,1032555,79.82458057678265,41.621375576756755,26
1,1020264,40.1681151310985,31.637711621695786,24
1,1044840,2.59394219737021,0.5303840881756593,97
1,1065336,36.20420700544893,83.6557444987656,39
1,1061242,53.78001736365745,84.36098115008681,51
1,1073530,44.41383958797831,3.4664592274116113,74
1,1007971,1.038218328068011,2.0284452817974072,30
1,1016162,27.46445323451426,54.950053547982385,40
1,1016160,81.36573137278666,57.61828791286873,14
1,1028479,29.532753505772924,97.08379026381316,39
1,1024382,2.709008512717337,0.44124338997175877,46
1,1073506,44.47335589862854,48.05473957494739,6
1,1036669,85.61015470920422,66.22582117912742,32
1,1032571,88.5212636965284,84.40767051370138,100
1,1040761,33.32589920365906,84.21435057583425,39
1,1028472,6.781214772674655,0.9339193873188976,30
1,1007989,45.6123403858576,60.94008174928914,11
1,1053075,64.81406939003956,91.79412028697259,65
1,1069460,38.37989336266252,2.4197578992978643,9
1,1048981,94.71297446594203,68.99612393837818,50
1,1032584,74.00433565051678,99.16090001813083,85
1,1077657,98.55912844777723,17.122433540293546,26
1,1077660,0.17233414092597973,0.9884063583532766,68
1,1065375,1.138439714560279,0.2878583989842504,97
1,1003928,77.62939350979532,28.345018963858813,55
1,1044888,53.6424695488885,62.10739749709955,48
1,1012117,89.01017612416068,40.768071989338736,26
1,1061258,42.33346645916269,97.24733969645055,39
1,1016212,30.066131191876888,95.25810516696951,86
1,1085839,74.21815969858169,77.43230379991043,73
1,1044909,70.97832611782569,97.60076174874278,5
1,1057211,1.1527297493110447,67.93959717024622,1
1,1040802,82.90760923251068,92.75792034908363,85
1,1081789,1.154592472572138,0.969618388805802,68
1,1008033,2.704325445709193,90.97635747639318,45
1,1028513,89.8374250538356,51.14053683305184,19
1,1089983,80.50141101846623,73.5570433880165,20
1,1024444,88.55663359244036,15.8888693746168,67
1,1077668,25.716242272560525,62.60984752893463,75
1,1048998,2.1391414269543714,1.077469593156024,47
1,1044918,30.241620334614215,21.563992283067066,9
1,1036722,2.002795056133934,2.170149887802204,47
1,1061328,0.08593751440325345,0.6994411951077568,97
1,1090002,15.671124036910342,71.8233540616122,18
1,1036749,40.45242301257095,75.34806148740105,64
1,1094099,63.515328112882656,46.87180202761734,96
1,1098195,78.87373434345552,42.04448086549091,23
1,1053142,15.742536050807066,20.832184497767024,68
1,1003976,15.647818473263781,56.38215057339941,1
1,1081816,13.854354277740189,3.274230788377641,76
1,1012167,91.31695990194433,7.032405415299743,41
1,1057243,4.687568684633215,52.63199673927434,78
1,1036739,64.46411835231473,23.63747975624881,33
1,1057245,27.241945294786216,95.55470364101045,86
1,1069533,88.77158176428419,74.76833192808469,5
1,1024448,61.970195635313154,25.952331407948236,27
1,1061313,51.30482091945653,5.651828638327139,67
1,1081797,17.89454654235174,87.0995991232549,78
1,1024473,59.02757440996489,8.76098264664087,21
1,1020373,74.61830412106634,92.85038283304425,50
1,1077706,83.62640086598965,21.06235637532725,12
1,1028564,78.08203929615094,10.768224464503312,83
1,1003985,88.14828240492201,34.936371484519135,95
1,1044975,17.405188850745066,30.923185911842445,47
1,1008111,74.00528331216323,27.202045465652148,33
1,1044974,85.22768398625543,9.576655462919991,41
1,1036781,95.71813573279294,36.79482398867354,23
1,1094133,36.49181710898151,71.09112405220651,93
1,1094135,78.65265465030356,88.83441829412916,85
1,1061368,43.54957188391626,98.28676738005701,93
1,1098235,66.52048615160452,15.489733573013408,83
1,1053154,99.96703808578528,90.02158140586675,5
1,1016313,37.4105378914193,45.92137302289064,6
1,1065449,7.9738686607666,0.8087926737255091,47
1,1044981,73.53192235715076,91.26491027031267,14
1,1016309,41.036934610538204,38.750581929971275,75
1,1024500,26.248091195197542,27.9340203556938,68
1,1012209,50.633240086920694,46.00748004666775,40
1,1057297,83.59674552918773,67.61812193105675,65
1,1081883,56.06534142529026,24.25836487011469,37
1,1061407,77.48113568131849,96.10691146107588,50
1,1094146,52.492904598563676,8.520518258016713,80
1,1065476,26.479037619274738,25.616702740273134,9
1,1077764,1.9391686858924122,0.8807431926849826,70
1,1040922,60.28429129410162,21.033546323146833,37
1,1090054,55.81266821157823,87.125249678697,7
1,1085960,61.153473999549114,98.97665707901237,86
1,1073676,94.9451386358168,59.47940631019304,58
1,1061391,53.28804313701397,42.68371890197557,71
1,1073679,41.27301704122658,90.48214067334735,39
1,1032751,1.5219770438796347,1.4707468414967202,46
1,1028646,1.4122958155059193,2.0050926657953045,47
1,1081914,62.772670414634824,47.36455209884509,59
1,1057341,70.26805063396158,13.833008009064047,83
1,1049151,0.5335571655193835,0.19779596399382487,76
1,1016352,7.371285471611817,94.25136657246038,1
1,1081888,89.15376587675803,96.19981353348041,85
1,1061409,29.985287551261727,80.1555839303582,86
1,1016381,64.11765895621792,2.3237358839632294,21
1,1069603,96.50430585292419,29.110456765601768,95
1,1036855,52.04395040943075,8.579062707536808,67
1,1045044,57.026647232737446,52.07371440258099,71
1,1024562,1.0520917190854757,0.42622503742079243,97
1,1094189,0.46782695349800685,0.5133190892414524,47
1,1049171,95.00714643048097,58.9701589148298,94
1,1098323,22.99884209511145,41.75907329678351,11
1,1081940,29.406285570919884,11.999179156173708,29
1,1077845,30.912495499895986,18.715722913160914,74
1,1000009,8.507811018177748,33.50474664974685,30
1,1081943,53.12142503988136,77.3599195284683,93
1,1073754,93.44368442189257,39.343187988482875,94
1,1036869,58.95769736298908,12.228866137381889,21
1,1040964,21.971958342888946,85.81744053373272,51
1,1008195,12.38904942198706,48.89619297503208,47
1,1032770,43.09576390566557,96.40703221797105,93
1,1081950,97.18145438287016,48.465130111919294,57
1,1081951,31.363808433305284,97.36581174002262,7
1,1024602,81.17408508242897,96.86309249333297,85
1,1045082,1.0740047975954812,1.715594082311116,47
1,1032793,57.83523028213337,83.32083304872667,17
1,1040983,91.57548927212787,22.077614336678042,43
1,1061450,39.06341767047286,23.446138063631462,74
1,1081931,82.3160559968567,43.19320506953582,95
1,1081934,0.6512022935332195,0.15724223753623684,97
1,1000016,1.591657987090663,1.1342656450033854,97
1,1045072,94.08486394575145,52.532808039379084,94
1,1045101,1.6500146375228588,1.315652956933911,47
1,1073780,74.41499591689963,60.1612782849352,20
1,1053305,0.15862683869249938,34.56499679517013,30
1,1000038,2.0099947828353333,0.9210419066200832,70
1,1061500,61.11646084155441,8.934880114437437,81
1,1045119,14.174182347652149,87.6808962234583,18
1,1073761,46.68504906219026,47.56243105095822,63
1,1024637,43.5340429894009,97.51115610598411,51
1,1032826,3.8832050735038854,0.0767797941882218,97
1,1081958,5.626472193743426,32.151881167521644,30
1,1020533,92.95102519337615,41.09331541136251,19
1,1016434,71.87918263798086,58.37273990971008,20
1,1012336,75.30927031862419,63.08509298037045,4
1,1077905,56.49484037511437,89.49667738356511,51
1,1020558,69.34689297763764,12.34992017563722,87
1,1032844,30.595902113202524,22.650282806459753,9
1,1041035,49.1755688336405,1.7147628049154324,9
1,1016458,5.395177017348363,58.19036692198814,54
1,1045121,50.000521689096885,19.91989130618358,61
1,1036955,84.1258957496913,79.11870906717729,50
1,1016469,32.461335752977476,58.80142946362413,75
1,1053322,60.42778783702394,66.00048395098386,22
1,1049229,82.04405772300389,45.94095634280273,95
1,1045138,1.65640681878014,0.08266923686971389,46
1,1098382,0.7332268449987076,0.21017792433127044,97
1,1024656,91.73355003761229,82.19457401183648,5
1,1077936,62.94181655758743,81.77197550504299,20
1,1045166,78.70555039625336,69.41413800030236,48
1,1061555,2.5240453870621846,69.19581257277513,1
1,1086133,23.673256231303967,85.26173393821857,51
1,1024682,16.96697794516262,99.93532186571727,86
1,1090230,36.855324346015756,75.45838907203931,86
1,1098423,90.4402412753119,69.80958099250174,50
1,1004199,41.737422082350704,2.8151161195925423,74
1,1045183,26.891506280744935,71.95324923628301,86
1,1049250,52.167122110595166,20.879551494107226,9
1,1008314,3.954019882629012,3.111776508200581,76
1,1045177,55.7449515111633,21.499615534998227,37
1,1028787,16.478187151034017,91.41271347074156,54
1,1077969,73.28104843346841,35.73302989529634,44
1,1041098,87.04715989856106,75.60223312218929,50
1,1036998,60.619094097605405,26.381201689955404,27
1,1065690,54.31951209154627,1.7660077934341278,31
1,1020608,37.60484363630086,15.447293493970626,9
1,1073857,1.5904642552251667,1.910423641329659,46
1,1090247,45.09146382835044,51.9491803195847,3
1,1016534,85.57469701556126,14.558449104768789,83
1,1057483,50.371173345697414,18.59640201138214,61
1,1028818,1.489732768116469,0.1515606877318066,68
1,1065677,3.3068465685551125,2.2798274339072178,97
1,1008337,79.16346119180302,15.954640113887253,12
1,1057520,78.3585906551306,16.47645307485283,67
1,1086193,0.505627874198848,0.3714234895055151,47
1,1049331,93.04123584457285,59.69740986049463,26
1,1000170,36.03407110842347,25.851403103829096,29
1,1032935,2.198079474834902,0.8204445425419093,70
1,1041125,43.83322010108228,94.21093815496212,93
1,1057532,57.5916935513619,70.00802670604465,66
1,1065698,35.08833917716226,35.58528625263242,40
1,1045242,78.32238059861389,64.37973875303167,48
1,1061606,7.057372054092792,4.9994861247564915,76
1,1004281,96.21235576619583,28.77669095028527,43
1,1069800,24.523762031244843,75.30418090772457,86
1,1057514,87.0772657443476,36.58482055055296,19
1,1061612,3.083153625112608,0.17044095886436864,47
1,1000178,89.46446102876968,28.68358893002086,94
1,1090286,99.35939857089193,7.703522762136494,84
1,1082128,0.05840497164809312,2.0655720408850566,15
1,1045262,35.05439007744243,0.8085421157207239,9
1,1061652,29.855710836135472,85.77926078463062,51
1,1028871,44.338801191364496,93.8591231486073,7
1,1082138,92.96354222717582,25.084727539876283,23
1,1008387,59.421187271882125,44.702057353933824,8
1,1000222,36.40994915000406,1.0465028360293887,9
1,1090308,10.1204595803029,54.487542888841375,78
1,1082116,92.96150856856009,39.59642025147992,26
1,1065733,2.7202931078935166,83.88639569780239,1
1,1082117,94.15873828719207,70.85103505147174,50
1,1057542,50.01600460701895,5.751654512975223,29
1,1024792,46.908646164612435,98.29841471768,86
1,1045272,79.81865448070393,23.40246277325776,84
1,1045271,23.927115588229903,57.94594405366001,75
1,1037077,27.26815416014988,97.43196189945773,7
1,1004308,84.47877900332753,88.72974508296383,85
1,1020692,45.17870824080916,49.610138429548456,63
1,1037074,56.595399337024645,69.55312210967735,10
1,1012496,28.116437860163025,73.04192642053239,86
1,1049392,6.9883937192180685,76.19851642328457,1
1,1078064,2.8130248348238296,4.079956527899148,77
1,1045293,93.86850825980451,82.61036040443445,100
1,1037101,75.10809286648681,44.53666637830784,44
1,1016620,73.26733223530348,57.008446059640725,91
1,1004329,0.5186978997639434,1.8745587073797547,46
1,1008422,69.01750398971275,17.823457927741426,2
1,1016613,41.46638293998946,92.91606433560564,39
1,1061691,69.25478458169269,82.51021610231565,73
1,1041185,1.3832246008828382,1.4050105738741956,77
1,1061695,52.9974986143026,58.28521109685073,6
1,1094433,91.40084104645761,74.34594247592261,50
1,1024830,81.76455218581455,26.34809378022433,57
1,1082146,7.431039837286169,86.08683774197331,54
1,1028920,9.00085271940301,50.252910322058405,97
1,1057576,84.48370361917128,71.70816812852175,17
1,1008438,44.46052573935083,93.74215192443823,7
1,1049387,90.63383979236636,90.26032961344231,50
1,1098541,54.52424754342183,91.93262042290378,7
1,1086255,3.3416958486953807,5.328136202400568,30
1,1041230,12.549726409097493,20.44919372458953,47
1,1098577,5.028381626446155,67.92473562111695,18
1,1008460,52.372043533497184,59.335161334492646,6
1,1020747,33.15737754208279,38.46444102372948,40
1,1020745,21.35894716135515,83.81012820918109,7
1,1045315,0.15345292757407766,3.324071221768774,70
1,1094493,54.784654437160945,5.170070240809979,31
1,1020767,35.19964992527479,76.94226457579923,86
1,1041246,68.05828026350271,68.06766435920004,20
1,1069889,33.63683141126957,25.422417168551956,42
1,1008473,73.58754159351383,73.8113169229371,17
1,1082183,14.918608671916285,23.80380735404559,47
1,1082184,31.89025406899877,75.00903392328605,86
1,1061706,28.64538603982937,66.76754402608573,39
1,1008468,62.23721927591506,26.195143531246543,27
1,1065805,94.77841319692438,84.55383527924299,5
1,1024849,35.33164934106051,27.20165780657837,61
1,1028970,29.785051330741517,37.54934192676497,40
1,1028991,32.60280576010581,5.100459989236617,74
1,1082208,88.98622631098682,74.83701992857172,5
1,1037179,93.85457920838469,13.643049872323662,21
1,1065834,35.91910417827977,68.72965384470157,93
1,1024885,44.53510704561136,45.134673656773415,3
1,1008496,55.57576472668224,38.26824298195908,44
1,1065839,50.87523347491989,91.86646491809447,93
1,1082259,48.254919103842376,63.466056519409285,24
1,1065877,75.55788377247168,95.86012945632197,50
1,1016710,26.018442216937466,73.7576301302806,51
1,1000351,4.983677247242861,66.49011871318042,45
1,1008541,28.804895607825188,35.892825587663225,6
1,1061763,70.82970608317085,17.247662464242627,2
1,1082247,22.658300757058296,98.56252322072676,86
1,1082248,93.56071620356394,92.04452865745004,98
1,1057675,65.07663156643163,36.80967587878774,27
1,1000336,70.68741437609762,5.25117207086383,21
1,1012654,49.90483077970517,52.00765195259362,63
1,1061810,53.702828180540635,88.89545323396116,51
1,1086386,14.118233720987195,85.09577628126985,78
1,1074099,16.094503490355006,81.15382084749056,18
1,1057717,52.378436140673344,35.435975472778566,55
1,1082297,29.39952710431524,21.75895435372594,9
1,1070010,10.655609273293697,25.820940241567534,47
1,1094587,75.03301500588361,13.585427180429487,21
1,1065917,60.52408924679676,99.11657830049701,64
1,1037216,49.15114542640081,55.244686183255645,63
1,1041343,95.67542173436529,10.293033740819379,52
1,1069985,1.3082609777909506,0.1517811332903062,97
1,1000380,57.42263451107345,25.474503176538967,44
1,1008571,63.67853198450614,80.04731392008982,17
1,1082278,65.19499118222197,47.180609320849534,8
1,1008568,65.53370516768857,45.66797221183778,55
1,1024948,7.8923543807103975,59.26343513287306,18
1,1078225,63.30955770631817,29.5212538851644,71
1,1094609,1.0684675623030375,0.2693543424807241,97
1,1074138,36.884875641895356,68.03516470158901,93
1,1094618,60.804803409087214,54.530275994514696,37
1,1037249,88.49790356765628,29.079732538322,19
1,1033153,80.77439304871172,27.55135762449029,43
1,1061826,0.8391460134084721,1.436685128532587,15
1,1078212,16.852950473272298,78.26925252623768,18
1,1070022,67.13421620682053,97.06168485911326,14
1,1074120,63.45803524779418,34.119750104038225,59
1,1057737,77.8094731384861,87.41660034445512,85
1,1012718,38.347816735410376,33.70345204348368,6
1,1008621,12.277529205539029,41.188056997389374,15
1,1037287,41.37512732472981,42.01995778789519,11
1,1057786,27.96234431759295,80.79215037830406,7
1,1090554,48.42182499305928,21.527277868578693,61
1,1086462,21.52355199684764,32.652498145541216,46
1,1045501,20.79704950707234,98.0032224703397,86
1,1098724,88.58930982147287,21.364832623273735,94
1,1090533,51.99761837814278,23.265847013026907,55
1,1033207,89.35310224159817,18.67120404295539,52
1,1061868,24.728911678053255,70.48864833907507,18
1,1041392,15.76807505288218,63.54948299398641,18
1,1049627,48.99879288366557,2.4286119092259417,99
1,1057822,78.50578903575007,8.323793019610925,21
1,1016833,61.14348651942862,26.80575186037392,96
1,1020958,50.0941918133927,24.53186155262952,71
1,1057796,55.62034357771911,70.42595811737931,14
1,1082374,33.903694263488454,37.15800129506151,40
1,1020953,37.22336869248303,58.03814832115024,63
1,1045529,58.88650779224175,12.485473120549742,2
1,1041432,28.7352184653504,58.71335052626673,63
1,1090568,82.79602338887021,10.31046314274957,87
1,1033235,62.92402013512524,78.31507949968852,10
1,1057806,61.62099524721824,20.999980809369095,59
1,1045551,52.43890076990962,38.529097046743,27
1,1066033,81.19792078427523,78.07254257170202,48
1,1082419,62.150298291770866,97.1668862749966,91
1,1008683,55.670475627534344,37.719580033464396,27
1,1086517,75.63007243447258,94.6130697851856,5
1,1004585,46.33641415097766,20.551188075001704,61
1,1049656,10.745224773575526,11.82989395321781,76
1,1004580,55.0364159062604,19.46638506711331,8
1,1016866,93.58888632717786,44.57147959279878,94
1,1025087,87.16231353069841,90.0774087903593,98
1,1090594,38.40078241185696,64.31815215637192,39
1,1045564,8.377955809593386,88.34353868634649,18
1,1061923,69.87918816472649,93.3463997207175,20
1,1041467,19.82992805336166,11.046950496241971,99
1,1078310,11.010820161698117,25.01960084773466,70
1,1016888,28.18728351920551,22.587671770231317,9
1,1008696,20.948630171108952,41.24223382501023,40
1,1090599,20.830579668763114,59.97430745907709,78
1,1090600,35.52650466604901,83.96625116243345,51
1,1066028,9.55293250050021,71.12174786307645,45
1,1000497,36.526163577218504,71.86167115716522,93
1,1033265,5.947131954959638,78.02916443485422,54
1,1004622,13.089939874608707,32.484464080169545,47
1,1045582,0.6096681341112801,90.90515872648238,1
1,1004621,91.3533196487028,11.872314118244043,81
1,1086547,52.825527436036886,54.63784177676838,40
1,1029191,0.4034341801660108,0.31562812844423066,77
1,1004614,72.1054383583208,29.072595344589615,96
1,1070172,16.40145233553105,87.70553080418743,45
1,1008706,1.1844847022646485,0.1222745227754986,97
1,1008705,55.961619138539916,43.2891798168083,37
1,1078366,83.85612645515286,27.461656861654237,57
1,1000513,78.09404692280386,79.70484662343013,14
1,1000512,14.93131256901677,85.54998134203807,1
1,1000543,72.99042542769192,95.57556687294726,98
1,1066051,57.10922559465777,47.68458710753412,44
1,1037404,89.08814551255674,22.446085637008846,26
1,1008729,61.36599507581613,21.753106495556448,59
1,1090632,98.72107209230397,37.358772525254565,72
1,1061961,80.92765257525969,25.603905281299078,94
1,1066097,55.35194271053803,71.11515905820357,48
1,1000557,25.388218620990568,74.73668497545522,51
1,1033324,36.74434283065916,43.696041219478076,75
1,1016938,39.86401533344509,7.998264654425336,99
1,1025127,51.93315424733571,2.451873901460788,87
1,1041508,43.88528283632267,64.95764994889865,51
1,1045603,1.5896816990384677,2.343470672568581,46
1,1098878,61.2953116102336,19.314674144818767,21
1,1082466,81.27825824776878,51.79605429894916,95
1,1098851,2.6865053325703516,1.0394995293920852,97
1,1033338,72.826272758156,29.30585728432335,96
1,1025144,65.90595298255005,86.53747329059247,10
1,1025140,81.93964315956389,64.59070286447252,65
1,1021044,94.89781806095264,18.46334925517139,19
1,1074283,51.689096243876754,37.491283104318406,59
1,1000563,6.076982193495203,36.49099513271796,70
1,1049711,46.929835568546075,46.62071878684203,3
1,1057937,22.68407668981063,68.08132508278433,18
1,1053843,81.94142823615722,56.46100828396433,34
1,1008773,0.5989858203695353,1.1761930862361725,46
1,1098906,50.162445082509365,82.79649622250751,86
1,1021056,91.95644769125185,59.650993687436745,95
1,1098880,14.367812603626252,37.049109386946384,47
1,1045663,24.468572706685126,87.94257105029395,7
1,1012894,0.0427741499541855,1.9897210911333805,97
1,1062023,1.0819604136543073,2.227333935335525,97
1,1033368,80.46314972859372,21.84274951030264,81
1,1041558,1.0780047992667157,1.033743110561177,47
1,1041553,78.3138688417219,48.74128995253104,26
1,1037456,85.66880445862594,15.1171753515167,2
1,1057969,70.98823941773881,24.806576056038132,37
1,1057977,56.69715627584811,20.263390836994084,55
1,1016997,93.732448290522,52.70449118645326,94
1,1090723,52.068112374179925,1.3014771226252027,12
1,1086627,72.58651217616385,25.905554511647015,44
1,1045687,40.434459667720766,2.691630889877338,9
1,1057965,74.32802919881087,43.82719194892486,59
1,1094829,0.4655548547692446,2.099164699678381,70
1,1070288,12.327654640797208,89.41274210775666,45
1,1029320,33.549385327823366,30.194682709759114,61
1,1037512,43.71839169656114,42.06714990095788,3
1,1058009,71.41187215014978,42.544713903101126,8
1,1066203,50.16828907159285,37.18630385800889,71
1,1008836,91.60150948211023,61.404374883355274,14
1,1094878,2.5453544566367277,2.7004893180463707,46
1,1057986,1.5108195199865622,1.948808366695691,47
1,1086659,21.181100314213342,41.56428547541291,63
1,1021144,27.867984913961877,89.55607058909301,7
1,1094856,72.65225907015976,81.92873177023966,20
1,1070281,66.46370728277866,84.9520200823815,10
1,1049802,38.583055570843385,48.611284786487964,53
1,1008852,2.409463159385359,0.3196991208210091,68
1,1090767,62.73240482911959,28.690992056069543,27
1,1012969,22.94163318160762,85.26425907088634,86
1,1066233,49.677303861189934,23.315805095808273,61
1,1012965,0.22242795145100042,0.1984787700773097,97
1,1008867,4.065693540526983,61.66733941809577,78
1,1017058,7.507457746398601,60.40316992876842,18
1,1098976,72.98171031100881,32.228904523693004,96
1,1086690,21.74615617303477,19.841304571698437,76
1,1066212,71.02693702539858,38.2655225921642,37
1,1078502,31.505031506963178,53.87699668100009,11
1,1078503,0.9680682615338317,1.2119335035311176,97
1,1029366,92.54622563381186,69.46546843631853,100
1,1012981,0.4572942904123014,0.7330199859915604,70
1,1070315,41.35897719017161,95.27187336215988,7
1,1062127,55.43563900771374,84.80677811195021,86
1,1066256,87.20645989656302,0.42318348989529575,12
1,1070354,16.1083101457397,86.31081782750346,45
1,1013000,6.158585323861587,76.5414272287877,78
1,1045767,0.1624648443076633,1.968817443739455,46
1,1074457,85.20242730463141,83.8748459424005,98
1,1078554,0.7760762820411578,1.0493878629665825,97
1,1090842,70.25156132978816,15.808460663586166,21
1,1025282,33.883600930988955,87.88091686145437,86
1,1099038,77.22079259814095,72.64165007078111,10
1,1045789,59.1501286392079,45.5730583359763,8
1,1021211,42.7239924894316,71.46487763355437,86
1,1029402,3.232357838289568,30.601460016963745,77
1,1013015,17.71681207869801,45.64188982979868,3
1,1045779,59.35774555527758,21.52590528143303,44
1,1049869,47.41818718217125,85.98841552750778,86
1,1054000,47.2129982846644,44.92396905004312,53
1,1054003,53.6281697417927,70.61867628585507,10
1,1037612,72.31238523047723,26.6905544185712,96
1,1041706,84.67285829416112,61.56464333341185,20
1,1074486,5.704613269249659,81.24039544282117,18
1,1078591,55.86619359625849,16.18744059585884,41
1,1025312,72.97543827943697,29.091377512709904,96
1,1070369,58.63815330382667,29.7741392417332,96
1,1029436,43.23179981050955,72.35771751611796,51
1,1094947,16.002949220906228,82.19987597754823,45
1,1070376,25.407925557082887,77.0012406289341,51
1,1008951,14.5468636492609,61.840263341230674,1
1,1045811,98.73633583178324,9.659654291919392,83
1,1066287,38.48081625803174,7.523381514627177,9
1,1008973,93.69779993075245,16.799069815860637,19
1,1082708,59.75402814186898,16.128866331268945,81
1,1037641,16.060020569799793,49.78936031219135,6
1,1000775,51.79561450789405,20.125233629479634,61
1,1017157,6.042776496418648,91.52467484983512,1
1,1070428,60.84077933602657,48.11624331723261,59
1,1099101,91.20719945955894,61.46156166914389,73
1,1066307,4.317299056439973,0.7376276548157602,97
1,1037659,54.328212955973534,75.4863388706661,20
1,1000790,6.219313251573455,89.11189393484756,18
1,1086795,32.79999257896825,81.47996027452888,51
1,1090891,40.73938555094951,2.78251785614132,9
1,1049970,0.7744362166655238,2.769143951983254,46
1,1086839,71.2449832223373,21.783019423753135,83
1,1058168,64.02969165434243,97.9101768894509,65
1,1045862,44.820606818521156,44.14579193912931,3
1,1000804,35.29399266545998,85.61019228345191,39
1,1049980,38.393557597571586,68.38619279678059,93
1,1058172,8.882784759669763,87.92233864754063,78
1,1066339,43.26376952389031,91.87871031583009,7
1,1058147,3.9799963201817765,2.537368972035423,70
1,1021307,6.219906798043801,61.75024903318791,45
1,1009014,53.896329489856164,78.47005358514195,86
1,1078634,88.00411694826778,91.87922647267824,98
1,1041777,96.02096665718753,33.23973190972321,19
1,1090961,55.676532943754765,31.562160852644965,37
1,1070484,49.735012927027675,36.949625206800675,37
1,1013123,33.890560288386084,49.5833626698185,6
1,1054108,68.64389593476245,82.29776410594118,10
1,1045908,55.36971969911854,77.88587655679206,48
1,1009041,55.8928279934633,4.697766036298823,21
1,1078708,51.7395122226671,6.050002032734514,67
1,1000874,37.27226624519692,32.85531679565097,53
1,1045926,31.93693335356931,99.12264879335093,64
1,1050044,28.338122544807657,82.93123171687024,86
1,1009058,12.945686017347654,91.02507841970815,54
1,1078696,72.60583478287903,65.70879180976948,62
1,1041844,84.44921070666683,29.698140225929638,57
1,1037746,3.1952400161066836,0.6991490454572169,97
1,1058221,43.22554988630697,25.85677506877563,74
1,1091027,88.3425130044262,92.76676519644047,98
1,1054165,55.530718162854484,77.22827600627262,10
1,1045956,0.1653564525417303,1.4978707353392517,97
1,1004993,2.568503262941926,2.722905004777081,70
1,1005023,27.636466485109988,83.60504632225098,86
1,1045976,35.77816639716238,67.45166196999438,86
1,1091018,82.30437974802341,67.62990072795468,20
1,1009109,39.92719609725184,64.56279685165116,86
1,1005010,72.72785750412825,89.12964055333893,10
1,1058255,76.04069839114499,65.9624669479738,20
1,1066486,2.2148497716014957,62.70740232357126,18
1,1058294,7.763441112543045,36.87566315163885,77
1,1074680,93.0989130116145,13.569765825982149,21
1,1041893,94.54451323336312,2.676239840670913,87
1,1009123,78.46297558682774,41.059732404179925,26
1,1062397,0.6608782038431943,0.11124207596299293,70
1,1086975,20.6250096014995,23.200905606976523,30
1,1017341,64.60726763434064,39.80610741515276,37
1,1070564,1.9370406367896698,0.8869599320743383,70
1,1021435,77.74312176320143,26.929497799269726,59
1,1013243,13.112866032899706,68.27557028207356,18
1,1078762,52.73703653512665,3.4570826639576113,84
1,1033714,54.656554386047354,15.779158574880285,41
1,1074670,46.63764367567047,93.15511333080725,51
1,1078801,61.82627704893061,50.51585086483617,44
1,1062419,49.98750958253327,2.50069064362487,61
1,1091092,84.57785735964765,33.516870291675396,43
1,1046026,44.04412722747664,70.33403981722002,56
1,1017353,92.70940869260991,82.35341405408337,100
1,1013254,53.15221401618635,68.73307025449775,65
1,1037828,92.90715232364178,8.573733161521302,83
1,1037825,31.66377799618245,87.16496323558292,51
1,1058305,56.808579355481356,88.26623897576181,93
1,1095172,37.081418883793404,64.52603516616254,51
1,1091077,62.6538413483322,52.588724680386136,59
1,1099270,82.54495595055305,40.992891571165465,26
1,1046040,32.14583404567421,73.52509811855823,93
1,1037846,44.531039873353706,55.58912832648691,3
1,1099274,3.4106634701596943,0.6041599299443142,97
1,1013269,1.7381290060681116,1.836769359873084,70
1,1086988,10.357576615269776,76.19185538780962,1
1,1029651,5.297000086645665,97.5211898464008,1
1,1029676,42.78948705025134,45.43997149215742,6
1,1013290,85.90079832605642,98.54903092235269,100
1,1074741,19.844406134019653,32.32207706881576,70
1,1058360,4.009291395724935,21.917592396996042,76
1,1021475,45.22284152112986,47.60046170418764,63
1,1062432,29.78892844042973,49.223024578583306,6
1,1017406,47.21448694069579,95.03293805045348,93
1,1025595,93.149037125152,2.2479790733129112,41
1,1066534,92.64186000224562,63.07196507613797,14
1,1037881,51.260621902842644,86.53788391280351,7
1,1017401,10.308068720250303,30.488398109158386,70
1,1017400,34.36848047417831,49.10404023253435,3
1,1095210,1.3975990795291673,2.44793595060209,68
1,1058384,45.52400043089767,52.32948358376705,3
1,1017423,7.20940210757376,65.19169428543607,1
1,1033807,55.28172080092005,94.20254216118286,51
1,1087056,1.332947783436382,0.07935768428701352,97
1,1082960,10.251218833612752,28.88440927938737,70
1,1078865,43.71661516003789,25.72005043528399,74
1,1013320,38.97169834666452,97.92408307001054,64
1,1087065,44.94117862043638,49.776859141024886,24
1,1037893,36.02212348086748,74.64137998667339,7
1,1058368,1.9248066674270357,69.28299211432375,54
1,1095235,28.323772561423993,89.36247341679548,7
1,1078852,85.44979312357044,66.58350509915304,20
1,1025620,27.59376163735085,25.795283688965803,9
1,1046099,11.553600514601193,12.260056160611875,30
1,1078863,85.30990827410565,67.09654425329393,20
1,1078896,93.05145080211484,82.19320221197067,5
1,1021550,6.823019041283391,87.08384323042914,45
1,1095281,97.54333303288229,55.63893407901087,60
1,1070706,55.28122276641107,74.72500111618847,10
1,1025640,11.978467889819132,56.17079303379457,18
1,1017448,91.87744834422047,39.643175388516184,26
1,1058424,73.27340568048628,12.843842193600903,12
1,1046118,92.4485842911896,26.7773841407276,60
1,1066618,67.98380589530714,56.82691180322611,20
1,1013375,70.70401760476582,80.66905428243733,10
1,1082978,35.69599308854953,84.72030777632222,51
1,1095274,75.80472418040877,10.204515870637499,87
1,1070699,97.51512039900835,27.899011096757643,57
1,1029746,2.7868013093708055,2.1349103068439867,47
1,1013360,91.82159887434865,45.45050249626571,19
1,1025677,29.345900083129596,39.80506698052553,40
1,1046156,55.48475222344656,69.66285400493507,14
1,1013382,93.17916882118277,0.5286539690777232,41
1,1095297,0.26998105796724386,1.0505172451493483,97
1,1005213,98.58558410565801,2.8450392334761334,41
1,1095299,7.960052511032224,22.40753179207879,46
1,1042076,58.685461177044864,65.86385533495147,65
1,1083015,80.21641152310971,92.95419541843046,85
1,1099402,1.7196958723872553,0.11261847727556144,97
1,1046191,49.62893716182645,75.78187051531913,93
1,1074868,28.325253082842657,99.66300586482825,51
1,1037994,1.194207827088374,1.3871585642894162,47
1,1074869,73.75746114006817,46.494232213569255,44
1,1095350,75.30467413923466,18.276486386383084,12
1,1042086,73.70058127490553,94.65279528017845,50
1,1042085,27.709849957272656,47.778241201545974,40
1,1001124,47.42360725261356,27.519963688290396,99
1,1054397,0.1660087379109442,0.27527456030461367,15
1,1009342,28.893205119701772,61.1115549977338,40
1,1054370,41.275388215352656,66.14727262165259,64
1,1087140,5.317822071880009,0.33153012791424263,68
1,1054372,34.847755995580656,58.98251251138568,63
1,1021626,76.37594659329895,91.47277614054119,85
1,1078950,83.20634182016367,39.73271320354329,26
1,1083046,55.52839388761248,16.36918395227495,81
1,1074855,52.15539536665979,97.08969956286319,86
1,1033911,25.14400737028248,82.10716400728437,51
1,1005239,53.359592383593515,11.820844776383655,2
1,1083049,46.33986716744209,77.93966664403712,39
1,1078954,61.15751768987289,24.191207448809394,27
1,1058476,39.8740844896045,18.703156495362673,9
1,1021617,43.66871151703444,44.544369733009155,6
1,1099438,70.38555551546233,41.73036174663819,44
1,1038001,0.8415669379844344,0.44446258786999454,70
1,1095388,87.46687267304942,21.46893763682387,94
1,1005276,81.89746051013063,9.874783684573611,21
1,1038044,11.802917006276859,12.954654095281448,77
1,1038041,7.173963218455681,25.344679112720534,77
1,1099467,90.39594607613174,96.25299467001773,50
1,1038034,1.7600376107489264,2.574279181852268,97
1,1038063,58.361723984348515,68.99300430235567,48
1,1099510,44.683430723847486,96.50131858693332,93
1,1017577,31.46424083144783,54.37155738919483,63
1,1009384,5.138190480950977,46.41379608531627,77
1,1058552,93.21600577064767,4.440791872854527,41
1,1017570,99.7196011348613,37.44271285410823,26
1,1070816,2.012023098211224,74.03334039647676,18
1,1091298,54.08825538583939,71.32880245482244,48
1,1050344,27.55898351141718,37.644176761935896,53
1,1066728,41.45771110098485,52.23062502829428,6
1,1042166,16.308284057472587,80.80729202123825,78
1,1095406,99.04052095458569,66.81796210548477,5
1,1079056,12.621973430534082,4.111734155461874,47
1,1013519,36.753366413960265,46.23610921478144,11
1,1079057,39.89778633379561,1.3895476938765277,9
1,1066769,38.76089609240638,44.04775975664138,11
1,1066771,3.1264478935857376,0.872373448742699,47
1,1046283,18.382220094891455,6.95902263415743,74
1,1079065,88.64542330119887,70.97238978518789,20
1,1038085,13.332611651794533,50.00578344969049,6
1,1054493,50.77021510706094,75.05853306783486,39
1,1001247,85.15879341261747,55.9421537671986,94
1,1029915,2.3314715886740482,0.8581289027554657,46
1,1083146,74.32390583058616,10.915327202142622,21
1,1009427,94.59572759063026,36.092938544208096,19
1,1054476,34.39470047169839,26.81737886956884,42
1,1029906,0.9488562974298593,0.2792006154461611,47
1,1017618,75.18725551194898,15.513612223104701,12
1,1070903,31.724262497238524,38.7118373995634,11
1,1087287,36.48528140446758,48.36041962002386,3
1,1029926,45.095099982478715,52.46024398897804,63
1,1087291,1.3901332741230372,2.5266770565394445,97
1,1050429,3.8893670811069425,0.1138152994954095,15
1,1009442,19.713186603711396,73.44223544728808,1
1,1001279,86.09728056356812,13.052467481727103,81
1,1009462,16.67206489729786,82.8339075276267,1
1,1025846,58.24672883365434,32.95680372382961,37
1,1034032,0.7854368572760313,1.1612202516062664,47
1,1021773,93.23728989272318,12.395711208928274,21
1,1083221,1.5637911006192273,2.4606505642575764,97
1,1079128,2.9683189049205767,0.19701130256990015,97
1,1050457,2.5325714688157475,66.8354383098849,54
1,1062746,39.79807552901298,96.36128586670624,7
1,1017668,1.1005008289500962,1.1325448458392964,77
1,1087325,92.54476892588484,13.975224708700988,83
1,1075008,68.19577812202525,66.57437149521257,28
1,1075012,0.17791832907433358,93.97410417735739,1
1,1025882,74.91996436232765,95.81532732724092,85
1,1046361,0.519542277478415,1.21190648359414,46
1,1091403,13.7317233510969,52.852593740703966,6
1,1042259,14.702982580167866,5.3015524275750625,76
1,1066828,87.19229482092315,6.351115541598795,21
1,1095501,46.79039793318345,82.93539121932834,51
1,1025903,75.9213468767732,17.075428674232896,83
1,1021805,17.796756125764844,70.32818168596167,18
1,1042283,2.8146404410785646,0.4259507935126554,46
1,1066868,81.97503089589078,50.550202362032046,26
1,1025894,6.811250646147926,55.59898191025964,45
1,1046369,1.4482399779801647,1.959880803313918,47
1,1083236,34.94960395908826,16.008585690444434,61
1,1042288,77.83403176540885,71.29651423307187,48
1,1087343,70.85161347647062,37.77397306846404,55
1,1079186,31.729789497366472,73.65062511506622,51
1,1058707,51.30261800709531,12.216998239404326,9
1,1030027,35.80037917573084,71.13405756074013,64
1,1034122,4.117498748863781,1.2813395864125432,47
1,1025925,51.16149481067955,72.2100738401802,86
1,1001349,87.44623076192018,1.6380942427876342,2
1,1005445,23.391823197040463,81.55141142276602,64
1,1017733,27.790364636174004,68.73624509404999,51
1,1046404,67.31479814874473,67.08713185165254,28
1,1066910,43.05465121122397,78.91322656432558,64
1,1095583,2.4884270836035394,59.23619149202312,45
1,1075072,84.64281091706025,10.164016246852038,21
1,1050496,63.793769244433165,79.54333077299836,10
1,1099654,81.55893969832043,87.09631304219589,5
1,1005462,23.058302562480268,76.52157800704646,45
1,1001365,56.204222991724876,36.134034208948975,59
1,1025940,32.78132794121069,73.3720576684728,51
1,1034129,91.32303047858223,60.655687867966215,66
1,1091470,78.76920288090703,48.72360913692181,94
1,1005484,93.39215891149803,41.205905695067855,26
1,1046443,97.613803864884,51.231747335550295,57
1,1030058,88.99915074429828,99.0991681792432,5
1,1095614,39.24312509636895,78.12949240299332,93
1,1025952,36.07399386277109,0.9799165160263261,9
1,1038269,28.730016677124006,1.8242073565215355,99
1,1058723,32.09742582161312,26.892993843283218,99
1,1030076,48.74087268513667,98.51176084984301,86
1,1017782,0.2154559590530881,0.8053444930863995,97
1,1046452,92.44516290872403,5.516115301264599,83
1,1009585,0.13688309366944293,3.0048831542355816,47
1,1013681,60.543059900793374,69.84373995575888,48
1,1030064,76.08109084727924,67.03999498840582,48
1,1058769,43.56835422922433,95.30656905216533,93
1,1046477,41.34566106920893,91.41342384360769,7
1,1038300,36.394631340142915,57.917540360708685,3
1,1042394,47.672558115696994,5.093184714522514,38
1,1091528,77.7375170109938,22.188794337822713,83
1,1017838,57.82456713955806,29.246979432656655,96
1,1071090,47.16349634706792,52.67308313890067,53
1,1087476,11.220790233265863,13.914668115703911,30
1,1042410,2.5555333035059484,1.5235206320537764,97
1,1046505,69.7729747431138,29.79422334211771,96
1,1005544,98.33448731789723,33.967635540208576,19
1,1079288,2.1829253806381055,0.6349743074599977,97
1,1017830,25.620997149216386,59.524321575182725,75
1,1099774,89.6113091602229,5.042199131920446,83
1,1042431,45.80781091953946,50.678087897104334,63
1,1062881,47.66420288944735,80.02722198768069,51
1,1001467,96.85097662933936,3.1792189345256414,41
1,1066980,12.313552700830478,53.552914956896146,18
1,1054694,80.33109659087961,81.11146567424693,48
1,1079278,56.383694579111285,20.331362463876967,44
1,1026060,15.989141495356286,33.554763091644546,77
1,1091606,62.98273716454814,44.69191585335245,37
1,1075223,75.04498467124867,15.463624306923906,21
1,1038339,60.1919199280144,21.50449512629551,37
1,1083420,2.870305931880879,84.58188978314851,45
1,1075229,2.0404530048193714,1.3418163929220395,77
1,1030144,57.951981356207746,71.09189980522213,48
1,1054731,76.45156171051605,70.72201991319342,14
1,1062924,79.22642714967395,15.19735998743048,21
1,1095728,10.893298196848091,19.50764647689459,47
1,1005615,61.72495017397039,10.003045791585745,81
1,1013804,89.05176732322039,80.13417461032434,5
1,1071156,95.13682787965922,11.694324168881865,87
1,1034283,33.39253626941654,45.214483280108844,40
1,1046570,31.139179727947756,42.45954883919464,53
1,1017897,90.66723055487363,80.36625168250724,98
1,1001512,47.330455890114095,5.987715891980027,74
1,1013800,62.956538850510555,98.6480338942486,20
1,1075257,26.539431030033963,11.100506715232843,29
1,1021987,30.47108083624509,39.065743430664035,11
1,1042466,83.25382008641424,41.052154842955524,26
1,1046562,51.90090839607032,7.918468296498694,2
1,1001505,4.873695543761524,38.599001395570454,77
1,1079358,7.380891587675333,84.87653656469962,1
1,1075235,51.304213495807275,77.47171495744448,64
1,1099811,91.49654318733995,26.063439062543736,26
1,1046584,74.32474765267325,18.856255440183414,12
1,1075239,5.002127716451653,83.95549016302677,45
1,1083432,92.33433033315055,90.34276908165653,5
1,1009719,14.931244766529526,41.61265707622966,15
1,1071145,78.40048282133606,67.68058932101488,20
1,1095721,25.755683548760967,94.96548930758635,86
1,1050667,81.99423632490692,63.90224468382116,14
1,1071149,43.414237575319895,51.87166522533159,6
1,1038385,41.41418047607517,7.329202785018918,74
1,1062993,41.459923671195305,6.991112437803909,9
1,1034318,87.92302338535248,46.82259338007809,19
1,1034314,14.465545329294738,82.91455085316144,1
1,1054805,43.65616266714953,94.1470413657296,64
1,1099864,97.55344817989787,69.3240334350098,98
1,1017923,57.32763505155721,73.05379728530463,48
1,1075268,58.84237619699763,96.71371010580413,56
1,1054788,38.846205869619546,34.36685859090882,40
1,1013845,32.579689021846384,60.63806848566918,63
1,1013844,5.592706608783079,40.669526828423045,70
1,1095756,89.9566193494753,72.50191516632219,98
1,1046611,1.5657858953653616,89.67033621955976,1
1,1095758,1.4654205621864191,0.6406523351988093,77
1,1058929,54.04145619874962,70.19960314047779,66
1,1017965,0.2620688725852638,83.13571090004992,18
1,1099892,42.720289525324056,51.646461767449296,3
1,1005672,11.265403701638684,67.91955358192948,45
1,1050744,30.868311265197356,56.855921214068715,6
1,1005670,51.75217807578212,17.272915198532523,9
1,1054844,13.069710470251312,12.19490314320629,76
1,1030242,56.6345210992265,88.60554120692917,51
1,1067104,27.983116198927462,88.1522703862346,51
1,1079393,66.1144057804472,44.39115411372266,59
1,1042556,78.51859685714784,18.189129821915106,21
1,1091683,95.28456017676532,57.53251997441009,95
1,1042551,66.91268053702314,23.12483410923226,33
1,1005684,32.90125913049763,20.864847401685683,74
1,1013876,33.25410627442963,85.08881416500587,64
1,1042548,8.213547962887624,67.96075392312339,18
1,1063021,0.818911971706561,0.554011568030937,70
1,1009778,61.16245291284525,13.541924529024802,21
1,1063059,86.86819670808181,31.78311523783402,95
1,1050771,1.8490467931611634,0.9027556142994778,47
1,1001610,30.06279727907505,7.916281592763264,74
1,1026185,16.29093763160037,81.659002117161,1
1,1009801,11.18572777806609,55.194525534429644,18
1,1026183,92.56652570869595,1.7523341526579306,87
1,1013892,29.027809258581502,76.43224828562752,51
1,1017986,43.57158555349696,93.53294529686691,93
1,1063071,10.457975887153637,26.39078396442722,46
1,1009818,26.177284516051447,92.94857357209361,64
1,1071239,23.399022296873362,85.14599751222605,51
1,1058954,98.43875598693948,65.2333415185421,98
1,1046674,64.83051374341215,42.04086910263965,37
1,1079439,29.35483048327813,57.30131783720809,40
1,1095869,34.52225330827042,83.27023456506886,64
1,1071293,92.01413440477073,98.0116830700594,5
1,1059007,2.96109241486597,0.48523629758843223,76
1,1075360,66.29546206227387,63.27635982323869,20
1,1042620,26.286297447652817,83.8070400462118,86
1,1095844,88.14304016057937,5.999818831837752,83
1,1050789,97.22266738044046,51.85151838563938,60
1,1018042,28.193307817974507,78.2901311500683,86
1,1091754,73.25245893158349,95.52635719394765,50
1,1001651,23.788119161028003,32.17728027866899,76
1,1030322,91.66465553968426,84.98204478072951,98
1,1063085,68.44246475808592,61.21728529944833,20
1,1091759,6.549179364220933,44.277087620295575,47
1,1083600,59.472359359076584,24.639555193596852,71
1,1046732,1.732628824057969,65.90407639582604,18
1,1083608,14.033904133366907,20.66524749317811,47
1,1063130,70.2687372153826,29.876297495191277,96
1,1083612,98.42724677088957,27.8531376870667,60
1,1071297,88.8781790172084,15.525936224966586,35
1,1038557,18.606200892985484,76.5853191394545,18
1,1038556,17.769665046704365,72.90557150630049,18
1,1075396,93.38438686317018,9.630130642215972,21
1,1099975,81.41094683789815,15.221524459775203,87
1,1079496,31.824843465137047,37.69637765759953,11
1,1018069,85.7557219196056,56.2543901055608,72
1,1046741,1.038882398210862,1.7847692342102424,97
1,1063116,77.71520203891181,6.526946867006521,2
1,1054926,92.40676657646925,16.239517258744552,31
1,1083598,10.69096781068849,1.884030294042549,30
1,1063118,1.2291149597860656,0.12888065476041222,97
1,1063152,24.39050780659871,96.95041150336974,7
1,1022190,34.443875202089515,16.22205580648086,74
1,1054968,31.02272665296829,0.4022359774928843,9
1,1071354,21.68699240099562,44.46683627601745,6
1,1013984,90.2077367928227,3.8217860739322096,21
1,1034495,58.981860284334594,32.161013382071026,37
1,1030399,14.852073773869845,30.413754916195,68
1,1001726,61.931809873975624,47.22712345347603,59
1,1087715,2.361628722960614,0.9243323325235708,70
1,1075428,83.96351503518441,14.035292493505024,21
1,1038586,0.9798412683092914,4.206709518649059,70
1,1005815,58.25893241569088,52.30150522452495,71
1,1059048,10.22035055168885,53.0565024252456,18
1,1063184,59.4016644006503,40.97940451257261,8
1,1091863,27.78807585972326,79.73819199111983,51
1,1001733,67.76078513974528,42.49765067876548,8
1,1079579,22.561828715877216,49.75178961676897,40
1,1042692,58.031773744925594,43.211877385728606,27
1,1005855,81.7541025908063,25.067606424175516,60
1,1014042,43.65569444995726,46.56722588450951,3
1,1063177,97.06427259438976,90.39048465035322,85
1,1046803,54.811276469750645,51.609232943011854,71
1,1067278,48.231029195823126,92.8624168149769,51
1,1095988,96.86393725566886,32.60954543466642,57
1,1038633,0.4330704370664496,0.8855517622281476,47
1,1083705,57.349551710912266,80.5433650954039,14
1,1030437,22.110546374160048,11.981534579868153,9
1,1079611,50.655285762691285,0.5409477284593733,41
1,1055036,61.004942353325866,59.75788436611255,20
1,1095970,39.49509858421048,0.6931116350663563,9
1,1059152,0.8667196874868056,0.15480004437016115,70
1,1038667,37.163686101968295,29.570072364063183,99
1,1083733,11.348317023368848,12.854842979675873,46
1,1001797,93.27757029422506,65.06866682421878,20
1,1030467,42.47042783329346,93.70799611578238,7
1,1055069,25.862468377768277,65.99316371847102,18
1,1046848,60.07949528018729,43.2630878948695,37
1,1063263,30.05475192278888,42.61471555873671,40
1,1026398,32.62241770886227,79.43608427208035,86
1,1034586,2.9225740664646014,5.652024126054566,15
1,1010009,54.06518575406118,93.06350363932998,86
1,1042777,91.6771774535097,32.30371683373547,23
1,1079626,87.7180794793714,60.0480838909089,66
1,1038673,20.850742832988146,9.316225468943063,74
1,1042791,30.19431955025067,36.35470867062703,40
1,1001828,0.8124100313406267,2.126283400271038,15
1,1079676,30.472739223110537,55.616327880346944,40
1,1050976,54.07469938221549,95.4534277664934,51
1,1014139,4.132476421590469,85.29794955316885,1
1,1010041,1.2763702454071446,2.6120494961429253,47
1,1018231,1.3459102366710771,1.3222930736489307,97
1,1059177,7.4612594637159635,6.206917559957025,76
1,1087851,1.700268612261161,1.7355361264990459,30
1,1075563,56.73207156651071,81.59676427801011,14
1,1071468,23.9724133882919,37.836100619909544,11
1,1001840,23.512180940550675,84.16298112602469,51
1,1038735,0.04619174335188473,2.803944590336548,97
1,1014156,0.5063534722150301,2.020124292790855,97
1,1001865,50.923510584299045,27.749044209310913,55
1,1026441,96.3929662853512,68.57810763153266,98
1,1022343,89.5495122622126,63.091433541803944,14
1,1038727,86.03767297439171,34.73546214476242,19
1,1005959,0.5108985440885431,0.5992917676122634,97
1,1038725,75.955684855767,69.43808853261505,4
1,1001858,71.61463238340482,64.83134716370142,20
1,1087874,3.3640997843458793,1.902092036475916,46
1,1014172,42.60720003748031,45.414353824664175,6
1,1096067,53.14548465545899,26.57954103087349,37
1,1075588,24.630732979033386,14.815473494800358,29
1,1079684,2.0978930837876786,0.8322235871984925,47
1,1079687,72.51418702942405,24.814098902271333,33
1,1051019,95.37304482466145,7.945820288609125,21
1,1075596,86.49812455232042,65.7451392434404,20
1,1022383,56.090765493036386,73.93428156564698,66
1,1096114,17.926299230906725,7.823115882670287,74
1,1022379,1.2988513578546388,1.154982106950251,47
1,1026474,84.54434172394627,65.99367921825122,14
1,1010089,78.6722506248428,70.46865134582245,10
1,1083835,9.306959149309646,33.038720607013,77
1,1067452,46.328000151961824,55.32893588075302,3
1,1059261,15.469077672849096,90.30987837861407,45
1,1005984,61.20180808850767,60.81354370507254,20
1,1014176,26.575334837677154,49.89551311451068,3
1,1096100,55.741476881672526,99.5077088299767,86
1,1059237,22.015936456181485,27.061029026296723,47
1,1075625,4.150675473751908,0.8274419140451289,70
1,1001907,29.629285034838603,87.96484107539776,86
1,1042865,13.564468991815792,19.710161328603494,15
1,1001932,99.35890781084618,49.534857353582254,60
1,1014220,4.223637436081114,1.6033586922306104,77
1,1071578,15.500612957717841,72.47454985360712,18
1,1067483,76.41321849689267,7.225588542790228,83
1,1030596,23.052164240846828,32.233929643908795,46
1,1079773,70.2350669883146,97.84928243539497,98
1,1001949,18.79196381906889,49.8701982005883,40
1,1034717,14.873868937745078,35.94782472861342,70
1,1034713,49.19865728760178,22.92848370221703,61
1,1006041,52.9922172224957,39.289624712340945,27
1,1075658,92.86731944528756,55.434142958068065,94
1,1030639,27.52822666548984,99.7909647804403,51
1,1063410,19.518202919432063,12.33468787550087,99
1,1026540,99.44647110344411,87.00514330715839,5
1,1079800,61.425474649516744,54.46451718985815,44
1,1071610,87.32283799924708,94.63753818428788,85
1,1042916,71.79649771490382,48.73160021885542,55
1,1001952,77.38169490016332,92.47127588726498,85
1,1006048,1.3931388904700552,1.7354556158266616,97
1,1038845,30.131965871550015,12.188708992453002,9
1,1079778,51.826332464252246,72.91197954267906,51
1,1006068,14.988501640597336,92.47639287156775,45
1,1083883,0.31385379638814914,0.977180515646923,97
1,1030641,74.24728235186488,64.80949712850507,62
1,1038833,57.213219522458324,30.74202910894195,55
1,1092079,55.5365500209385,75.8616043987789,20
1,1038856,38.7025931569861,11.43687728519274,61
1,1092098,92.85937267766899,67.24599402258526,5
1,1010204,21.94087166461548,67.52726208167363,18
1,1059333,8.724664377541536,48.160426444367644,76
1,1067526,1.0084171172644747,0.15196777636393924,97
1,1063431,18.24868197902515,99.56966197826955,86
1,1047063,31.264791511892263,53.76205121215026,6
1,1010196,42.58587776428771,66.79488033028153,86
1,1002003,22.732566949681843,11.20092663330129,29
1,1047056,29.25686844009624,72.98159873978517,51
1,1071664,84.32539830109006,60.87646809063657,20
1,1038890,58.48241071705787,40.756977637828385,27
1,1096248,48.11881515009289,64.60223218968775,64
1,1096255,1.1132274024298119,0.23970351783864138,97
1,1002043,21.03203220861949,29.020606482092695,47
1,1026618,2.3922326879471947,1.0403192942846546,97
1,1059366,50.654797551873784,83.09082142586935,7
1,1014326,76.08356014724127,52.68587624703222,48
1,1051178,36.54420471234594,37.419968410319946,6
1,1022516,1.2527287580737871,1.5943384038035686,15
1,1006132,77.04411842042937,58.43910292664655,20
1,1022543,71.08331642723702,48.25360033134053,33
1,1022542,1.7464172158019886,0.7192619208173403,70
1,1038925,65.8583829587232,45.20873288370145,37
1,1018445,31.925079595943906,57.959497537382,40
1,1063513,99.79364841491643,28.724910111650093,95
1,1063516,47.70028793390878,22.587671206318845,61
1,1059423,0.8850731272453735,80.81173623074632,1
1,1055296,6.374948640416811,49.628405385586596,77
1,1096264,80.12319226268399,79.21139671041222,10
1,1030741,49.744376148977274,40.41920016140903,37
1,1067594,75.12755485143397,95.03520558195268,85
1,1038930,97.95821260439314,45.39807646005586,95
1,1059405,73.16895682239314,63.80903110180259,14
1,1059407,77.70801743461622,9.615731281099505,21
1,1010283,0.9012805555953812,2.793358647333882,77
1,1014377,83.13615238816759,91.64616193786543,85
1,1014374,0.5677908887018187,1.7156818512200154,70
1,1026661,68.98573763478237,10.909685567562944,21
1,1047141,11.3981556897936,13.06629624052621,30
1,1092219,1.6999138564504104,0.9606881274886807,68
1,1026659,16.271618199499205,44.87528562459184,30
1,1071712,77.07351721315695,17.112922229683527,83
1,1088096,17.763981769661964,77.52664748337368,78
1,1014397,77.00191092140642,91.35496485352662,5
1,1043069,64.78257554295276,75.05738939783846,10
1,1067620,44.457636121134655,14.499443932691246,74
1,1063525,32.531010048253265,68.55911608353654,64
1,1067623,76.61695761914646,94.98983101871724,85
1,1030771,73.35750703265435,28.18215878362855,96
1,1084013,13.35773582030546,91.00170247029533,54
1,1034888,2.0052021023898248,84.45997311845743,54
1,1047176,57.851955399179325,86.48076609402362,48
1,1010310,59.221271330290975,32.91598150070446,37
1,1071770,45.42187274567993,51.48102453780242,6
1,1043076,65.15529026856484,44.90484171585243,37
1,1047171,69.11513495780972,15.824710560422627,2
1,1026689,1.177524185376763,85.05818600297347,1
1,1010334,25.577688788715367,63.11781456665095,88
1,1043099,70.93194693067856,61.511819462760585,20
1,1059461,15.319359805407702,36.66465508222814,47
1,1092230,21.02534336392884,30.75511839631586,76
1,1026712,27.517294739673037,8.202684662766558,74
1,1026711,49.932254445069724,89.15542102374378,51
1,1075848,96.90410287252362,4.961963931761792,21
1,1096331,58.43273589021417,30.32001908248809,16
1,1079948,28.47587825829755,97.85714201781424,7
1,1006254,62.12521709318416,63.33515433001391,48
1,1014446,64.29134416947815,58.0614306904653,20
1,1034925,51.00520760045108,60.658121893585964,75
1,1071797,50.275286637743136,17.254014516681202,99
1,1084086,3.8639438758246247,52.739951081937114,45
1,1014439,84.7554645431062,40.60464419493153,23
1,1026727,2.432225992333626,1.0597308921402302,97
1,1071800,58.676265308624735,74.9962019951787,10
1,1047202,71.00269997289487,48.96211597475294,33
1,1055422,94.13286321015775,21.183104429396447,23
1,1055393,32.357300754380525,13.994984304042458,29
1,1022652,0.01669713767185038,1.6580018616443626,46
1,1043131,85.11245439805204,18.463387288481016,87
1,1096356,2.1513340097932487,1.241129608331603,70
1,1092262,95.79135941860025,60.31948602842605,58
1,1096359,75.23547196047573,81.07813890058084,48
1,1047223,87.4680128350834,65.02040119576414,20
1,1096360,24.943139876163766,57.47209241613079,40
1,1059501,73.33447469827337,36.51953162759835,96
1,1055406,70.95899708821165,13.834617103728103,2
1,1039051,47.56011678444533,88.8093462302556,51
1,1088213,87.40316235713232,32.431473113158056,19
1,1043146,47.098374256779074,87.95777952792282,51
1,1088214,42.772957081559994,96.46402822771019,7
1,1002185,72.8306043690631,98.59587095197793,98
1,1051353,77.63198988367783,33.77692683328984,94
1,1055453,59.3239923537957,30.00065024360516,8
1,1030850,91.9425491480859,17.082145594517403,81
1,1047232,69.07050351328985,55.967409561259466,20
1,1059520,1.4633641892169582,1.1548663573493934,97
1,1014495,24.21976893055251,23.212351710421476,9
1,1034971,1.6043696945886767,1.80507951780392,47
1,1030869,15.57154913780725,55.2643290568092,54
1,1051339,2.2757002163734366,0.9268319935600444,46
1,1067724,61.184174807489,39.071689113756705,59
1,1002192,1.0856536595196773,0.5075124620448958,97
1,1002223,89.69756499568318,74.23915100854364,50
1,1088243,24.171285540847883,98.7323800200476,39
1,1010412,81.41842754992774,18.944013365141796,41
1,1096438,98.18844021739767,71.7243363606917,50
1,1080055,89.74367925114646,82.44622551020558,98
1,1018599,9.247749905649119,34.69711683368259,47
1,1043174,49.21665087975455,16.95928348480293,99
1,1075963,44.153253954185196,96.1988453790589,86
1,1010402,64.47418125658602,43.562173439784885,59
1,1014497,80.68167989077119,17.69314542245177,83
1,1018593,47.44682721827561,39.39996873633127,40
1,1026784,25.526798132272226,88.32953072489454,7
1,1096421,22.299661343307875,65.75283676267858,54
1,1071847,95.21194211122804,59.606916755651895,94
1,1022707,31.138842962743574,78.67492525622959,51
1,1026802,0.9998022592660639,1.3877161328052041,97
1,1084141,0.3215429198812358,1.4108851286772435,47
1,1051408,53.9235132070528,8.34699048333721,2
1,1088275,43.41875551404344,20.4319914477598,9
1,1002251,4.878631814260651,0.33559248781179774,70
1,1039111,48.80348199023157,86.76870263319245,86
1,1071896,73.84782558173004,36.85348029987582,8
1,1039110,41.164400935502734,95.37161321049379,56
1,1047302,0.6334277542485993,2.198657553663103,68
1,1022723,0.5721021282156482,82.15050207040147,1
1,1067804,61.31512482344592,42.69900171107841,37
1,1084189,74.6538361162148,56.382318307241185,14
1,1092381,24.66824002509306,44.55584822044648,6
1,1059613,53.585361276690186,61.15251498283054,34
1,1047296,72.1837414246891,60.25616631067752,73
1,1006336,2.736021983153325,1.1627426841418043,76
1,1059585,27.233871893566054,75.99416774245674,64
1,1039133,75.53355117818127,49.64126782097675,19
1,1010460,87.56242559891976,95.17808261279632,85
1,1055494,75.75640519813028,35.088478101355655,37
1,1096454,37.85612007434681,61.23857903084951,40
1,1014552,2.824221261803042,2.9855762777766297,76
1,1043223,72.04370060763763,10.77758599825417,80
1,1096456,87.98810563663973,73.93739127572233,50
1,1051400,0.6597502409272773,1.0227809786617277,70
1,1039125,2.819273264566373,1.9358203828312595,47
1,1006355,90.89411072153304,12.969105562616559,83
1,1051440,38.90377781294032,57.3993819452439,3
1,1014569,4.182122416228836,88.86017599764341,1
1,1030951,1.5463706938360189,62.06727515922408,45
1,1055544,52.89524113983713,42.07986193957287,44
1,1096508,8.323147948025408,46.68117821409185,76
1,1010467,91.61884316219606,10.450954541390644,83
1,1022753,7.83809939286092,52.281792724092234,18
1,1067809,6.39020353749038,13.361349561331881,97
1,1071907,0.4299056691078912,3.1354285442586747,97
1,1084196,90.93340986258625,23.005486575586403,19
1,1006394,45.32835528753787,54.24450164717839,3
1,1080103,2.766004299483804,67.1151132630085,18
1,1067816,80.00755275091693,17.290920420709014,83
1,1084201,66.22096016138428,56.86151064273209,73
1,1055530,3.8881144772557916,0.8983928292616478,47
1,1076011,48.2845598959322,44.81777147474989,6
1,1096528,92.25048029669749,63.840338498761966,73
1,1022796,5.97425920716902,54.89576999466607,18
1,1063763,96.99839657953112,97.98838975623863,98
1,1067861,1.3235418072344884,0.6486742386395817,70
1,1022787,95.47351262213249,67.5695161489442,98
1,1022785,0.9626686031657071,3.5549077321112397,47
1,1035072,0.0595616283125433,41.161139343904864,76
1,1059654,7.640152510240683,30.504896709333853,77
1,1014617,46.51280686136066,69.25786870372875,64
1,1067848,52.5336534889377,2.189758046750545,31
1,1084234,57.975497718761716,19.999887449444074,37
1,1063756,74.18809408323278,18.781134068863633,12
1,1026914,98.17707919530213,10.2798379439062,83
1,1014625,49.235306887316405,62.81646541579421,88
1,1014624,1.9336271742617157,30.872269801315536,47
1,1031039,55.96524063519467,72.66364940071419,48
1,1076064,18.744588170010935,60.36179308776452,18
1,1080161,2.839309494487626,5.143177608046016,30
1,1026942,86.6233653283247,66.45849432836113,20
1,1071970,1.0233925264540582,0.20796756022329713,47
1,1059682,72.84863144122998,75.47179125887789,73
1,1043321,46.091683735575444,19.519426096426894,13
1,1031033,13.295153533472625,29.542271086902673,30
1,1071976,71.71726912802107,61.971149622124116,62
1,1035122,2.174439573355181,95.11200952316302,1
1,1047409,46.78724914381636,48.66527567751487,63
1,1063824,41.86182603923106,44.264659495605144,11
1,1047439,75.19937399409424,45.64376006728382,26
1,1080208,0.5731272005935272,0.6244941865750098,47
1,1088414,70.8090408747733,17.16138258597876,21
1,1026975,1.7756606825031986,2.1967425797729927,47
1,1026973,81.26569054729856,25.991481658432324,94
1,1047453,0.024995295031908137,0.45835163959618225,97
1,1072003,8.992685669694541,35.044094475175015,15
1,1063812,83.75150873556808,20.092008859971255,21
1,1010585,14.137953160532724,45.09697095483168,97
1,1010584,1.887557818700164,1.598436041931426,47
1,1026966,53.406282023661355,77.23678310341528,64
1,1072010,2.553149324668854,1.929221855430887,15
1,1014677,6.6823553754976395,92.05026976230383,1
1,1096587,55.673917600965424,91.09311846137247,51
1,1031058,66.4087204911027,19.076441964843994,21
1,1002385,25.815294701182133,83.01629302100082,86
1,1067956,85.53102071197185,38.24157666505386,60
1,1010599,31.499367584174593,89.02929631876874,86
1,1022887,64.20087059472621,27.53978387067744,27
1,1043387,59.0745117029927,41.46990145572653,8
1,1076132,92.43753664544654,15.29789634519253,21
1,1067943,55.74876324682327,5.52417033942707,21
1,1043380,56.522789213384215,53.9499094606645,37
1,1026995,25.19555837242684,55.79376749841893,40
1,1088431,45.17877044546885,3.8037098764902977,9
1,1014735,60.87593278616291,65.1857729768832,20
1,1055699,74.34560661274405,39.426684443795025,44
1,1002444,91.90814172237457,65.85772497739683,14
1,1031116,72.75854815947656,43.66430425349959,8
1,1039301,16.958520506098075,17.490943758529966,47
1,1010654,61.427457560039194,9.287760258121251,21
1,1096650,59.19877648774214,27.930743115880603,59
1,1088458,35.032750502062406,37.74774079537793,40
1,1006549,48.97434938777556,36.560158986508206,37
1,1067979,63.00770840231353,38.38116314121615,59
1,1022930,27.73675712036266,97.37047836213247,7
1,1002449,88.21749177755227,35.9559437306614,23
1,1039343,81.53979223385954,66.53192052363298,65
1,1031150,70.72164218620291,55.30341677453213,20
1,1068017,55.33196598381933,40.977332927915576,37
1,1088503,2.3357158167789422,1.9731236633243812,30
1,1031137,53.30983783026456,61.98791952697164,14
1,1027041,3.5315596707515136,3.141784816380512,97
1,1035261,81.29996562896149,70.49714309815468,20
1,1063908,94.58087357282452,6.807527821540161,21
1,1014779,33.189930918244244,25.487370273805016,42
1,1051624,57.05752714203461,25.966754438293744,71
1,1002487,66.87534969721987,25.81393668381852,37
1,1096687,3.195287838970065,1.0676968350339064,30
1,1002509,26.913696845864365,77.32258475515216,86
1,1063954,38.57685874777044,43.97434928301026,6
1,1014814,0.08950430015170484,0.19843032739812488,30
1,1006621,63.05986301376264,37.46191932728874,8
1,1080322,57.121335710110856,82.03961933427108,14
1,1047580,83.30432273106408,10.904539780257583,21
1,1092613,52.366407507925956,80.57939001070723,51
1,1006614,98.07377055422873,94.18118690449522,50
1,1006611,0.7200902866231984,78.43998728598359,18
1,1088524,6.264947417070643,78.13452839056252,18
1,1014802,96.31737963552143,96.72107040366086,50
1,1096719,1.5365277492153642,0.4137023147681154,97
1,1022992,54.28412040254234,30.016534640767034,59
1,1068080,4.212556865329704,88.48998655612128,18
1,1088563,87.47045151737586,97.71521065064209,50
1,1014824,57.504570644600015,67.25956487763975,65
1,1006631,89.9172109127509,78.84468226985805,5
1,1010725,64.0651800826244,37.21726252533175,96
1,1047585,88.89004527262072,7.44759049434622,83
1,1072190,40.20349941358161,76.35215217729458,64
1,1018940,73.81855823559127,7.807212901272255,21
1,1059877,32.137649922985226,11.750452097032372,29
1,1068069,1.3932915185243644,64.46534886243337,18
1,1035322,6.1246345410547045,1.6903137843271197,97
1,1080359,95.99521055807602,24.156804195681623,60
1,1096746,42.86146750486947,93.17746414216049,51
1,1027125,92.61346177930503,23.065570577166326,26
1,1023053,0.545508845952114,53.56816524283094,45
1,1084498,44.53359168466508,27.756615758188975,74
1,1088597,48.25026360104345,49.18082450016281,63
1,1080406,1.2789411581493295,68.61030892104822,18
1,1002568,33.25795803785345,58.16567270339779,6
1,1051735,79.44436981278757,69.59417562509157,48
1,1035335,94.57971046217372,18.080104514696814,94
1,1027141,13.52001974204453,91.01199015563763,54
1,1092674,73.6553585866046,37.77266950065841,37
1,1064008,76.91404031726832,94.72875355687353,85
1,1096776,48.006906714491606,35.86899716253812,37
1,1002583,28.305743733061586,38.20953389089696,6
1,1023060,9.498182338763897,80.49558977578249,45
1,1088588,86.87942754518909,93.50924224212345,85
1,1051725,12.461483330697883,41.387681697515355,15
1,1010795,57.80358264420743,89.93930282144085,86
1,1035368,92.94588146981636,1.3581829407374044,2
1,1076344,25.484124926183206,88.60263207245245,64
1,1064058,81.0509448410183,56.10455561497646,14
1,1055868,18.687561891114782,61.051683197630645,18
1,1027169,0.8729268686300377,0.36445961947624583,47
1,1035386,89.0754266883124,64.68469401473851,14
1,1006713,55.44451020422019,32.20511279768643,37
1,1088615,58.65388777634397,21.416428196289427,59
1,1027191,33.14288749093451,73.17311723974788,51
1,1092713,35.890686054637875,14.859160455497145,61
1,1047669,21.847179619423045,82.9171978510033,51
1,1055850,57.366167918843004,36.95817598089308,27
1,1027189,73.52490352877933,59.19345817184764,20
1,1002612,50.78944502997411,21.42570274973131,29
1,1035380,93.12464735328713,21.531267968154268,60
1,1031281,10.698161148572094,67.76461129357176,18
1,1064080,8.907671040652792,3.6118156522979827,47
1,1084560,96.22196331710458,56.941161202824375,95
1,1010829,59.5614103822277,15.312918299112788,2
1,1027207,34.12458630853839,36.560780608266235,11
1,1010819,7.709211990218106,62.910628483687816,18
1,1002654,84.02149197016928,38.87749575781727,26
1,1088643,31.244716161417763,88.22320196663605,51
1,1002651,54.589478309549506,33.82527292076596,59
1,1039508,50.675368703863214,16.413526884969375,61
1,1031315,99.27085258873302,2.320726942928164,2
1,1055885,1.1729172828363115,2.7996833561626358,46
1,1092786,19.992370109150325,43.93467043715154,11
1,1027243,0.495064886005698,1.1939984569034972,97
1,1084601,68.25707296761723,74.2999441370427,20
1,1010852,90.5155590449377,14.425403008776383,83
1,1023138,14.014229816612207,23.134544502238146,77
1,1055933,54.40323769245186,10.982258728863926,2
1,1035454,27.123742412329083,38.64520776938891,6
1,1096865,52.18147687836762,63.91761958014922,20
1,1019066,37.193623333983425,13.987202450744329,61
1,1039544,7.332178591844074,76.78955062888893,45
1,1043638,59.68985975053017,25.962679533804888,96
1,1060010,11.682952509498014,21.823470965300125,30
1,1002675,0.02303326691307717,1.1013286740404216,46
1,1043660,80.33952419370975,32.14830845880421,95
1,1031369,1.053229943970812,1.0502741043936539,70
1,1055959,84.35674157016004,5.265380844919509,21
1,1096920,22.775713171020538,35.344885338517265,70
1,1088730,24.537421066711254,84.99721332763431,86
1,1060058,1.9764065756059706,0.9765396681725573,97
1,1043652,42.56343638000674,47.77060846213857,53
1,1060033,94.77525441683822,25.044909550029047,95
1,1076417,10.59508056257048,58.6557032515576,18
1,1023197,91.38588445635017,17.05940130538208,81
1,1068230,46.66667024013114,42.1122213899348,6
1,1035478,54.423764811596996,13.98865308194248,41
1,1043670,33.27121831891259,76.69001220255274,64
1,1076426,52.967621998694455,52.47946390648988,88
1,1023186,46.899105447639265,96.83329305132352,86
1,1006801,55.83625055507401,99.97204829101392,64
1,1010897,93.42084472126867,22.254733297331796,43
1,1096911,72.36975753367967,88.44385832577188,73
1,1015021,45.431916998162556,65.02866267340781,86
1,1039596,72.6873408664679,25.73747825102226,96
1,1006827,16.177506040863666,97.17924778748473,18
1,1006824,26.572292143913934,44.168550421017315,6
1,1023207,3.1185021018370063,23.249976440009622,76
1,1039591,55.023831641693434,9.21109451295944,87
1,1015015,2.1108204766307375,4.256448334294161,47
1,1068286,9.904900659937965,89.90393556929871,1
1,1080546,29.607501415244254,20.65594213678589,74
1,1064167,42.820613756374705,50.28328060858556,6
1,1015032,36.57461643635622,97.44143958576186,86
1,1060074,71.9498321168864,12.533564857228086,83
1,1084650,4.369872873355893,1.640420963369946,97
1,1051884,2.074760049964377,0.9800194723191216,97
1,1080556,66.87312198465341,86.0936097974695,10
1,1015025,2.351863290764265,1.0827725134227888,47
1,1060078,77.62828139488528,89.5207906996898,85
1,1068270,50.237643682792566,76.34680352913279,51
1,1043724,0.5859675357372385,1.6964012243908317,15
1,1072411,62.425574893989975,94.46786730853526,20
1,1076509,15.16327820620118,4.140610515878818,30
1,1019136,13.41663967048925,6.6413091642912425,77
1,1092865,40.66972495837786,68.73380274658766,51
1,1096963,32.569632297454795,63.888500721420996,40
1,1010971,0.40224281726889966,2.3986796151632697,46
1,1084677,24.182998634649945,11.764180943522318,74
1,1043734,47.34593928667468,73.50721132506119,51
1,1043732,85.30693261148483,25.67603526976422,57
1,1023250,5.853681970010155,88.66861518028279,78
1,1076495,90.7471635247466,2.111308851280585,2
1,1006893,0.894618206819893,1.4192189184250064,97
1,1035565,1.1103078323761995,4.10405874204471,47
1,1056050,41.512019198123355,66.8741192753449,86
1,1027366,16.36900459089842,87.84238352279824,45
1,1072443,92.16993019408945,12.138172131193194,21
1,1064251,37.33369781230265,74.8676744637337,51
1,1051966,4.89560550386193,4.856072336659119,30
1,1011002,2.5669759217828316,2.7248319754444377,76
1,1051941,2.281389304461345,2.793863044926774,46
1,1096999,46.033456642472835,97.69100512542018,93
1,1043767,7.386824353187324,23.05008668575132,47
1,1080616,55.496357197499094,40.32624219197241,59
1,1027381,27.096184201912244,96.89718785401541,7
1,1051947,42.16864786196147,77.03652938214623,64
1,1043763,95.4648977456594,87.56330282566408,98
1,1051950,27.907478631598995,37.950847655225054,40
1,1064238,60.315060812021,98.535537249655,51
1,1023280,11.85461983463058,6.093830088367245,47
1,1064275,25.05949851717935,97.38545591216088,7
1,1068374,34.828201537857815,1.1196970621637652,9
1,1092950,7.192851922896704,88.84037282489466,78
1,1060184,86.46713300067357,67.66654203625325,48
1,1027392,94.01077652488603,3.098499709149194,2
1,1080640,6.3981912012054085,35.90681823952506,47
1,1068357,64.40903361263237,32.074612409006896,37
1,1035606,0.6871864845205062,0.5504001262295182,70
1,1027414,39.58690803197659,77.48733965714037,93
1,1043797,77.54981661352228,25.742532375297273,44
1,1051983,40.887231920560886,70.97644376221601,51
1,1006958,86.42739774756714,43.51103532562279,43
1,1027436,94.75410834627621,9.559653789724036,83
1,1080691,6.746704480565559,15.478058352657683,15
1,1043818,72.14902937353098,13.334218906987926,87
1,1006953,95.05218043676113,30.56824424072425,19
1,1080696,0.8366680541023229,1.5895360563985712,97
1,1072504,42.74229090684223,98.90271201682299,86
1,1039719,61.25081596317735,9.71245331156038,2
1,1023334,54.52378381327851,83.59847931876139,56
1,1060217,63.46500221345316,52.77277903227924,37
1,1035621,3.278280986993762,0.48269602841717624,47
1,1043813,61.864932813173,66.60301550128884,20
1,1027428,69.1378865779906,11.144939692474365,87
1,1039714,12.510499876701243,47.35031346559437,97
1,1052029,86.94905484375708,16.791229659842887,35
1,1056125,2.0719416771532515,0.09268104756391209,97
1,1002875,5.710358170362558,92.72663978377909,1
1,1088873,41.45841304919602,69.7276231059865,86
1,1092971,42.035410693949096,31.354262776064882,11
1,1068396,7.384197898397997,92.22982961101607,1
1,1006961,3.194874082421684,0.8684259161963132,70
1,1076628,78.78970235763862,79.74530953875218,48
1,1068437,26.551804544052178,41.17995565885382,6
1,1088917,2.854693175360052,0.7051263163099221,97
1,1011081,50.79090349491908,29.02146801757144,37
1,1006983,74.77201837256455,88.57068478177293,14
1,1084824,77.73722240687508,45.60534077285833,19
1,1097113,48.73984325831826,24.926782727365804,74
1,1006980,2.6239693534633846,98.25115925747109,18
1,1064320,0.6349387246274841,1.9089404777427472,46
1,1015199,56.2912777195815,88.00587570373986,86
1,1027487,44.412845915531534,50.60916202062823,6
1,1015198,69.22084169569958,1.1523782693568574,87
1,1019293,29.841421204681396,1.7565075467684599,9
1,1080708,21.45242880482079,86.3004925015815,86
1,1023387,17.07785714531874,11.720019217889044,30
1,1084805,44.11944484365811,58.482015673004774,40
1,1060230,17.075641704503372,30.47839850959498,47
1,1080710,70.01769663166571,39.16392037590907,44
1,1068429,29.981906359054136,85.396709073323,51
1,1047954,1.0760911637048864,1.6617676448291914,15
1,1076622,11.49036501524183,70.32506952946272,45
1,1015185,84.66522293680603,68.80605083921539,20
1,1039789,1.8709600492138045,2.2980004745813067,47
1,1097141,71.36986260060633,94.63906923890119,34
1,1084855,2.233710779374117,1.8016929835982896,30
1,1068472,88.13925541508142,65.64093546498789,4
1,1060282,23.515004966041143,30.521168201392445,47
1,1043874,65.69809744260586,99.59695540467392,48
1,1027490,91.30703319188868,93.31548668774138,5
1,1039778,61.75464307155527,65.97493889678559,14
1,1043872,55.96544195656013,22.30149318066689,37
1,1076640,31.321934755216418,57.28023708469222,24
1,1076643,1.5788661887911615,2.044383977430298,97
1,1084836,41.38813059276431,80.42999503386622,64
1,1047994,70.685847780153,37.35393792131483,55
1,1060263,49.470342145979096,10.03779716097084,74
1,1072551,16.660965607589084,46.216507722806924,24
1,1047987,94.27278639341407,60.95818468632691,57
1,1027506,92.55820173243023,93.156915497229,98
1,1084880,0.424943864843423,0.9099765777898039,70
1,1023439,89.17101821115058,57.638290470172294,94
1,1056209,81.1788843066622,38.267631886063825,26
1,1056210,23.342770238551548,86.56401907483747,64
1,1048009,42.225533822543,98.10167445503177,56
1,1039814,0.5337917449368872,0.45681005051510076,15
1,1068507,4.065555239423668,94.57727593014445,78
1,1027520,88.61178569928438,57.35460417004751,94
1,1043933,8.158274445807555,23.72553153183728,70
1,1097154,0.5456337376686451,4.087744187178852,47
1,1076678,0.8555033494900511,2.205327590457229,97
1,1011160,68.52626760843185,79.42875742020398,34
1,1093066,80.2477149730028,27.596476400318142,94
1,1088970,54.09708635299092,10.335131848955658,2
1,1052107,6.240386112898449,43.04314195566635,46
1,1097202,62.71874865793706,99.75503723235931,65
1,1064440,64.41479064884706,16.152983933951703,87
1,1007078,70.35314363254226,63.189396549423904,62
1,1039846,6.000268142649756,0.18248762226728868,15
1,1031654,47.350855430929506,99.07590053584553,86
1,1097210,87.17835458736378,83.52939300539666,98
1,1068539,1.234139570071453,3.374895786129331,30
1,1093116,2.829991254984876,36.07042974904034,30
1,1089021,84.16197155689242,28.314590110303566,57
1,1011169,12.671533886188838,55.12977963136737,78
1,1084926,59.95292027190613,28.16191671378987,37
1,1060322,51.9937850872317,54.70351648111721,11
1,1088996,40.98823240490683,77.89944091208335,64
1,1015289,63.70836833992332,85.80671060757294,20
1,1068519,34.8577607090786,25.232257738744924,9
1,1023480,79.63408051637373,43.04608153566378,23
1,1007096,34.25459870869716,72.66540361347151,64
1,1060330,65.4413242969121,44.93031597160088,37
1,1002994,80.00724603003712,56.73546679325186,34
1,1076718,29.436946621608605,76.96220858753185,51
1,1093137,32.560813562939764,59.14009823142116,6
1,1035790,2.9320337588084873,91.35151572379303,1
1,1019405,7.99105542588212,6.906657065209466,70
1,1027595,1.9369757275867867,68.82704739013562,54
1,1023498,2.134848674973747,87.15168688674481,1
1,1003018,24.000850512828542,10.872739180457625,74
1,1035784,4.037643625655718,38.36467354017882,70
1,1052185,1.7968811593859277,0.36528544189546,47
1,1007106,78.06088198537866,32.23445384781939,94
1,1039873,2.783678770781962,2.415130570199796,47
1,1068575,91.24494426145245,3.0795070642628284,83
1,1097216,50.82717489615533,43.36719998386281,37
1,1064454,65.76482149676663,99.46532785491688,14
1,1080840,72.87462206669284,1.085878477692762,52
1,1003031,90.84914561032878,53.19044556910797,94
1,1089034,81.53899846688084,94.64336274216033,85
1,1035794,31.907366549008724,13.88205133421006,99
1,1060366,93.67927561468964,13.001421063965534,87
1,1080847,65.26092057262031,97.64679486229836,65
1,1023504,56.04776414170848,40.404699038817384,55
1,1068593,31.16055271185888,45.33496090681825,40
1,1023532,88.41115227100404,45.276588771243034,19
1,1089077,46.300521802025706,98.12017439944559,86
1,1072695,71.4631149708313,96.3155377580523,5
1,1064503,4.687287269420877,0.1691628314252114,76
1,1056311,31.297966934461652,64.12626136807319,40
1,1007144,72.33292896120625,45.61900032412791,44
1,1097273,14.801995012574443,18.59761402941238,30
1,1080893,10.536528579850046,32.83433264670459,76
1,1064511,42.08027631430637,45.08268321072398,6
1,1076768,1.5236100150852299,0.22701827557702145,46
1,1072675,37.198136831300886,2.7495546333146805,9
1,1093155,72.94853980972876,21.081256233985492,87
1,1011257,49.20553171512434,28.34973715202107,71
1,1023543,42.25822084995974,53.35638535607,3
1,1015350,51.167980667929164,27.515627679520904,59
1,1048118,38.865880901624784,10.0239160696188,29
1,1072681,52.926306981327535,82.80180087057518,7
1,1048116,46.49937964239972,49.45969100346104,88
1,1044018,82.77454406439803,12.185328701376115,21
1,1048114,1.0673311286439784,2.2874701729006426,46
1,1039922,3.303541093290563,34.44615727647663,30
1,1076816,58.58802449428337,36.27380692545379,27
1,1097299,30.59071590364568,2.4118241670691987,99
1,1064531,4.878127118024066,0.06522835692236796,70
1,1072724,2.2752693186202726,82.81607004076294,1
1,1072726,0.7704905689380057,1.586705993697376,47
1,1027655,0.1246199238801862,1.24193953226509,97
1,1035846,90.12963136025024,71.18531848372282,50
1,1072735,32.82427046227507,44.17966516678021,63
1,1072708,50.93878495827491,36.949201063234966,27
1,1011289,0.04111611498324169,0.30834751826605356,70
1,1076808,33.36039919828327,70.71563295413975,64
1,1064520,13.864066917571577,46.844549966558915,97
1,1003095,87.91841029959816,0.20041271587938336,2
1,1027671,72.94016918242451,46.33842125376925,44
1,1068617,80.5443916522238,70.98785805390433,65
1,1031764,60.5355803769443,77.30470020255783,10
1,1052273,79.39772911633177,45.40024534782927,26
1,1093235,84.12480274579062,32.262592450126846,19
1,1011300,52.52820256836003,82.3940746947269,86
1,1003106,39.628393614279986,45.448122203768136,6
1,1044065,87.51834819417077,7.010544792639973,52
1,1085055,2.12714817677684,0.06218147657604264,15
1,1072736,96.93286695444456,48.15538769570276,43
1,1044095,4.60706401069685,67.25291780733504,54
1,1072737,64.80153597919927,46.17274194419374,59
1,1072738,38.48377982278111,0.2760275491105171,9
1,1072740,57.07947326516068,69.56588455026761,14
1,1080935,95.78084114919704,69.94599380683235,98
1,1085031,56.89299258550913,90.30787505002908,86
1,1072744,46.36852053378174,72.34507221727019,51
1,1056362,3.1083609133661803,0.7247958617957607,15
1,1068651,55.716909757554745,73.00290530755682,10
1,1089132,53.30341779917115,88.69175498936208,51
1,1019505,66.70291593415446,41.207334348811855,44
1,1031792,20.87516274208963,47.50794308123146,40
1,1003142,11.37590333787666,36.98892143225361,15
1,1052315,58.05297499798634,37.33145847981188,27
1,1056411,97.08788447584001,18.044875942098216,94
1,1048219,73.68067814278284,48.16256378769372,55
1,1064580,8.104236697484996,60.16237018773885,45
1,1072773,0.7586801922421399,1.062198537031744,97
1,1056390,79.6268354026093,80.71814101938006,34
1,1085062,10.263615832956097,28.320605106052266,70
1,1023641,92.54287081252062,20.132268710498245,94
1,1072776,59.12365618250566,18.763794336123322,12
1,1048212,3.717868997292148,86.0257866279823,45
1,1093259,85.94120104352355,95.10903288361494,98
1,1019539,87.97747865967226,38.165815645755714,43
1,1044142,16.84762886749346,36.80433058046966,77
1,1064625,48.42944744229847,86.02422366973171,86
1,1031850,81.96520117571926,95.20430427926809,50
1,1068725,84.4087595655224,43.05811088398226,60
1,1048234,32.182659817636974,35.40422827614337,24
1,1072828,1.1104516959302855,2.4281910643847238,70
1,1011362,53.53181847318131,53.163116409375625,88
1,1035938,79.26832498150416,70.1667001316734,48
1,1068733,60.28160330539335,77.17062879585453,10
1,1015457,81.95195338088173,29.796616797713565,26
1,1023649,43.315227596055536,68.83832109197267,86
1,1007290,44.091337373277526,4.002517513593329,74
1,1064614,37.59068114151419,26.17361315911371,61
1,1097385,78.5395677562525,48.70789918127691,23
1,1052332,1.7129621827306603,0.006349006004342722,68
1,1060525,94.05442302591095,20.111983399556824,26
1,1068718,39.1449366550002,22.502143179822173,42
1,1072849,29.087442065710796,13.182486304599403,99
1,1040075,74.8755107370533,68.11246853249209,20
1,1011400,1.091586908878564,2.080417361227248,15
1,1068762,6.984163090968643,8.225624826079002,77
1,1060571,51.050694862200466,1.4863318682191713,83
1,1052381,57.638039832631016,94.36435440870237,7
1,1027777,88.41864721393057,85.19935386554774,50
1,1048284,1.2701380112189007,2.419498204640252,97
1,1040091,39.63732925095168,55.008131512933154,11
1,1015511,98.35638293455335,8.284107865477118,52
1,1072840,89.12476002818768,39.84751821470404,26
1,1040084,4.825218450466778,72.52295941879584,1
1,1003218,24.96063243669625,65.12501363070032,54
1,1089264,70.96490663485477,25.115257229801166,44
1,1085171,45.991224216861355,6.168911454181183,9
1,1040108,28.601129486203213,70.89510311617124,56
1,1068788,79.98654113730464,87.06921099889335,98
1,1068789,28.78774657584693,48.832430603373346,40
1,1068792,25.249184773586066,21.49008572888818,9
1,1015526,81.74133974146298,47.61348175095056,26
1,1040102,38.3682887587573,75.51584151028436,93
1,1072891,88.98000862070056,17.866473079929673,41
1,1011455,0.1819640522773944,0.18363042414621672,97
1,1072872,1.4850603971598106,0.16616065901056176,46
1,1015542,95.82550177253071,4.413311425413801,21
1,1003254,55.717738737875166,35.25777183829353,44
1,1064682,37.658640056948556,3.352505059520509,9
1,1007349,18.09675922072146,16.251054973737723,77
1,1093356,34.71558430212427,24.05351829699418,74
1,1011442,69.57035419456714,98.60490679060784,5
1,1048306,6.225813488542284,84.79325876165521,78
1,1081105,3.235196767166248,2.012930366840435,46
1,1019661,5.394723739934609,93.55057340970679,1
1,1027847,83.27137665870791,67.470992370032,65
1,1097496,32.58894676342638,38.01835573039396,40
1,1060632,93.80427502559594,14.78977758468486,87
1,1052442,54.06596193095348,3.9750185125887167,21
1,1081117,38.09544238378658,81.52661286114842,93
1,1072927,60.52427864811504,13.82412933703373,2
1,1068803,46.333288677238585,93.8203385761333,86
1,1093381,83.66923740718198,66.89650535425166,20
1,1019672,37.76527807528228,75.75782157284718,51
1,1089293,27.232450416035583,88.27062604162104,64
1,1011472,97.86185170913998,6.217765938818021,21
1,1027887,0.9782659042850931,0.4295105530282028,15
1,1003307,0.31149536854914095,0.2844735073251274,97
1,1081140,52.20112772180958,36.573535664065204,27
1,1027878,2.1544875931388514,54.2783407888774,45
1,1003302,18.901609416791402,19.103362538770018,97
1,1040163,1.1178736823586737,2.7088569333589985,46
1,1023804,1.8155544237008807,0.12834196913556484,76
1,1089321,27.844098596825205,92.89855369972857,86
1,1068845,3.5228866442242657,62.20880957221352,18
1,1023792,58.01351730359765,6.060344854103616,21
1,1007437,21.70085226940901,54.35261456465129,40
1,1003332,0.0035070018168607098,1.6731636953744695,68
1,1097564,61.3314847679975,95.33992195999019,14
1,1036098,13.180116553307709,47.63735232266596,76
1,1044289,22.613262843898454,28.774418560171707,47
1,1003357,71.78405350875171,44.231878753530765,33
1,1036123,0.14600790106472195,2.2670194978434086,97
1,1064773,0.14140837847641016,0.03553702767937244,97
1,1072968,26.43026829390496,61.00037325974325,63
1,1089352,75.71986989570676,53.81446145084762,48
1,1015634,34.146648982181475,41.24424478382455,11
1,1040209,54.63363051116007,34.705288519085954,44
1,1064782,32.77164734539784,41.968988041609634,11
1,1019755,0.6387624100425666,3.572987364873813,47
1,1093492,50.55790087134297,52.27900757991264,88
1,1044331,27.19370390673963,55.43502773165757,40
1,1064820,53.30565922453713,26.721644538120948,55
1,1097590,67.27062026242064,69.7150387218046,65
1,1027941,84.34882882079528,69.41678540357343,14
1,1044323,24.282456044603386,19.223515959520967,9
1,1027938,68.2348101263161,30.922306832824596,59
1,1093473,92.51175608347928,70.50714607561257,5
1,1019773,99.0671235089939,65.24098181922503,5
1,1081190,1.3520946961508138,0.5041687453853577,97
1,1007480,77.01893300058194,10.688666645016253,87
1,1056617,28.619554406082894,90.67677800575852,86
1,1048438,66.1657451875492,97.17904813494366,65
1,1044367,92.58967751464631,61.964713183792966,20
1,1019789,97.00075160691749,51.7681983267286,26
1,1097622,97.18546595824577,63.55224809923301,98
1,1011592,45.42027832495513,20.349992098248673,9
1,1027976,49.48667548310019,30.06867743951329,55
1,1093527,81.96958467078028,20.180636096338134,41
1,1027971,7.880272452403417,35.289140122858754,15
1,1068957,83.42676104761216,72.73504932261716,48
1,1007489,98.87369185186802,92.37023945658792,5
1,1015680,51.941064898772716,39.59586638437316,27
1,1044379,88.83047018715843,15.03672865704212,21
1,1040282,69.47456884626556,36.180622840384466,59
1,1064843,9.922902057105244,91.50247571730645,1
1,1060751,33.40491990739125,58.378024082830855,3
1,1040303,45.32317216235696,52.87364847222997,88
1,1093557,93.6846109546591,17.112174512327115,94
1,1052599,40.494837704338785,67.3096282556327,51
1,1068984,24.528439144587736,29.973354680095742,70
1,1064889,31.325448103425828,72.5722694098002,51
1,1036195,71.95325700999659,64.43753498320253,20
1,1060797,22.440914331707916,90.2089975137968,64
1,1040289,2.7562125432236524,0.959485661699211,97
1,1028031,2.1438974625248894,87.09315913559902,45
1,1073058,2.4716128444577925,3.7307674275717075,47
1,1068963,73.98836711846998,62.003837202124956,62
1,1097636,71.01378737946825,57.82709944775577,20
1,1028023,51.65447845117226,18.753228009996636,99
1,1089448,60.0033946074929,47.56067663119759,8
1,1040311,51.875245308575934,85.69243515502698,7
1,1081262,72.67196497298583,16.515754002385243,83
1,1073070,40.8941914084876,91.95116844296882,7
1,1011663,57.21968322513122,72.87460630512848,10
1,1097685,28.745636337231893,92.39629061941079,7
1,1085400,1.291474118287207,1.184983741772892,97
1,1011651,1.0606797513944504,3.0627233245558547,77
1,1064927,96.62701984036262,77.41649079597182,98
1,1015768,86.36340096346902,10.262247715554707,83
1,1044440,0.08406607516412329,4.604971531186506,97
1,1068999,80.40858299069146,72.54580903902564,48
1,1069000,2.337125230064684,0.05861273388259177,97
1,1060813,12.754132399854035,13.785985553775948,76
1,1023983,4.271003483405877,1.1870617359615443,46
1,1019887,98.46432819976077,2.121010051936234,21
1,1007598,66.30943316955079,83.09425238160418,20
1,1007597,2.2504930050426535,65.26716499310531,18
1,1023977,75.6256828904159,64.00901821563498,62
1,1085432,68.55816828261135,15.519011024586671,21
1,1069050,77.67648713746601,56.56986789870946,34
1,1028095,1.1402557415698458,2.5314607610779407,77
1,1081314,88.76555701596128,21.510133350932325,19
1,1064931,1.944062182525242,2.7523493606290295,68
1,1003509,73.3693911817424,57.70650644913436,14
1,1032177,49.344119361943214,56.14998988884279,6
1,1064942,51.07919203847292,41.35715925685902,44
